clip_id,pitch_anomaly,pause_anomaly,bursts_anomaly,breath_anomaly,audio_quality_anomaly,type,y_true,,,,,,,,,,,,,,,,,,,,,,,,,,,,,,,,,,,,,,,,,
DF_E_2000055.wav,1,0,1,0,1,vc,1,,,,,,,,,,,,,,,,,,,,,,,,,,,,,,,,,,,,,,,,,
DF_E_2000137.wav,0,0,0,0,1,vc,1,,,,,,,,,,,,,,,,,,,,,,,,,,,,,,,,,,,,,,,,,
DF_E_2090179.wav,1,0,0,1,1,vc,1,,,,,,,,,,,,,,,,,,,,,,,,,,,,,,,,,,,,,,,,,
DF_E_2000212.wav,0,0,0,1,1,vc,1,,,,,,,,,,,,,,,,,,,,,,,,,,,,,,,,,,,,,,,,,
DF_E_2000329.wav,1,0,0,0,1,vc,1,,,,,,,,,,,,,,,,,,,,,,,,,,,,,,,,,,,,,,,,,
DF_E_2000724.wav,0,0,0,0,1,vc,1,,,,,,,,,,,,,,,,,,,,,,,,,,,,,,,,,,,,,,,,,
DF_E_2000775.wav,0,0,0,1,1,vc,1,,,,,,,,,,,,,,,,,,,,,,,,,,,,,,,,,,,,,,,,,
DF_E_2000826.wav,0,1,0,0,1,vc,1,,,,,,,,,,,,,,,,,,,,,,,,,,,,,,,,,,,,,,,,,
DF_E_2001058.wav,0,0,0,0,1,vc,1,,,,,,,,,,,,,,,,,,,,,,,,,,,,,,,,,,,,,,,,,
DF_E_2001204.wav,1,0,0,0,1,vc,1,,,,,,,,,,,,,,,,,,,,,,,,,,,,,,,,,,,,,,,,,
DF_E_2001209.wav,0,0,0,0,1,vc,1,,,,,,,,,,,,,,,,,,,,,,,,,,,,,,,,,,,,,,,,,
DF_E_2001263.wav,0,0,0,0,1,vc,1,,,,,,,,,,,,,,,,,,,,,,,,,,,,,,,,,,,,,,,,,
DF_E_2001618.wav,0,0,0,1,1,vc,1,,,,,,,,,,,,,,,,,,,,,,,,,,,,,,,,,,,,,,,,,
DF_E_2001818.wav,0,0,0,0,1,vc,1,,,,,,,,,,,,,,,,,,,,,,,,,,,,,,,,,,,,,,,,,
Zahra_Fake3_2.wav,1,1,0,1,1,vc,1,,,,,,,,,,,,,,,,,,,,,,,,,,,,,,,,,,,,,,,,,
Zahra_Fake3_1.wav,1,1,0,1,1,vc,1,,,,,,,,,,,,,,,,,,,,,,,,,,,,,,,,,,,,,,,,,
DF_E_2005004.wav,0,0,0,1,1,vc,1,,,,,,,,,,,,,,,,,,,,,,,,,,,,,,,,,,,,,,,,,
DF_E_2005302.wav,0,0,0,1,1,vc,1,,,,,,,,,,,,,,,,,,,,,,,,,,,,,,,,,,,,,,,,,
DF_E_2005382.wav,0,0,0,1,1,vc,1,,,,,,,,,,,,,,,,,,,,,,,,,,,,,,,,,,,,,,,,,
DF_E_2005765.wav,0,0,0,0,1,vc,1,,,,,,,,,,,,,,,,,,,,,,,,,,,,,,,,,,,,,,,,,
Zahra_Fake2_2.wav,1,1,0,0,1,vc,1,,,,,,,,,,,,,,,,,,,,,,,,,,,,,,,,,,,,,,,,,
Zahra_Fake2_1.wav,1,1,0,1,1,vc,1,,,,,,,,,,,,,,,,,,,,,,,,,,,,,,,,,,,,,,,,,
DF_E_2022979.wav,0,0,0,0,1,vc,1,,,,,,,,,,,,,,,,,,,,,,,,,,,,,,,,,,,,,,,,,
DF_E_2023761.wav,0,0,0,1,0,vc,1,,,,,,,,,,,,,,,,,,,,,,,,,,,,,,,,,,,,,,,,,
DF_E_2025466.wav,0,0,0,0,1,vc,1,,,,,,,,,,,,,,,,,,,,,,,,,,,,,,,,,,,,,,,,,
DF_E_2025743.wav,1,0,0,1,0,vc,1,,,,,,,,,,,,,,,,,,,,,,,,,,,,,,,,,,,,,,,,,
DF_E_2025826.wav,1,0,0,0,1,vc,1,,,,,,,,,,,,,,,,,,,,,,,,,,,,,,,,,,,,,,,,,
DF_E_2025898.wav,0,0,0,0,1,vc,1,,,,,,,,,,,,,,,,,,,,,,,,,,,,,,,,,,,,,,,,,
DF_E_2027168.wav,0,0,0,1,1,vc,1,,,,,,,,,,,,,,,,,,,,,,,,,,,,,,,,,,,,,,,,,
DF_E_2027408.wav,0,0,0,1,1,vc,1,,,,,,,,,,,,,,,,,,,,,,,,,,,,,,,,,,,,,,,,,
DF_E_2027429.wav,0,0,0,0,1,vc,1,,,,,,,,,,,,,,,,,,,,,,,,,,,,,,,,,,,,,,,,,
DF_E_2027458.wav,1,0,0,0,1,vc,1,,,,,,,,,,,,,,,,,,,,,,,,,,,,,,,,,,,,,,,,,
DF_E_2030158.wav,0,0,0,1,1,vc,1,,,,,,,,,,,,,,,,,,,,,,,,,,,,,,,,,,,,,,,,,
DF_E_2031677.wav,0,0,0,0,1,vc,1,,,,,,,,,,,,,,,,,,,,,,,,,,,,,,,,,,,,,,,,,
DF_E_2031735.wav,1,0,0,1,1,vc,1,,,,,,,,,,,,,,,,,,,,,,,,,,,,,,,,,,,,,,,,,
DF_E_2032425.wav,0,0,0,1,1,vc,1,,,,,,,,,,,,,,,,,,,,,,,,,,,,,,,,,,,,,,,,,
DF_E_2033118.wav,0,0,0,0,1,vc,1,,,,,,,,,,,,,,,,,,,,,,,,,,,,,,,,,,,,,,,,,
DF_E_2033144.wav,0,0,0,1,1,vc,1,,,,,,,,,,,,,,,,,,,,,,,,,,,,,,,,,,,,,,,,,
DF_E_2033182.wav,0,0,0,1,1,vc,1,,,,,,,,,,,,,,,,,,,,,,,,,,,,,,,,,,,,,,,,,
DF_E_2033295.wav,0,0,0,1,0,vc,1,,,,,,,,,,,,,,,,,,,,,,,,,,,,,,,,,,,,,,,,,
DF_E_2033863.wav,0,0,0,0,1,vc,1,,,,,,,,,,,,,,,,,,,,,,,,,,,,,,,,,,,,,,,,,
DF_E_2033870.wav,,,,,,vc,1,,,,,,,,,,,,,,,,,,,,,,,,,,,,,,,,,,,,,,,,,
DF_E_2033971.wav,0,0,0,1,1,vc,1,,,,,,,,,,,,,,,,,,,,,,,,,,,,,,,,,,,,,,,,,
DF_E_2034344.wav,0,0,0,1,1,vc,1,,,,,,,,,,,,,,,,,,,,,,,,,,,,,,,,,,,,,,,,,
DF_E_2034429.wav,0,0,0,0,1,vc,1,,,,,,,,,,,,,,,,,,,,,,,,,,,,,,,,,,,,,,,,,
DF_E_2037364.wav,0,0,0,0,1,vc,1,,,,,,,,,,,,,,,,,,,,,,,,,,,,,,,,,,,,,,,,,
DF_E_2039157.wav,0,0,0,1,1,vc,1,,,,,,,,,,,,,,,,,,,,,,,,,,,,,,,,,,,,,,,,,
DF_E_2039182.wav,0,0,0,1,1,vc,1,,,,,,,,,,,,,,,,,,,,,,,,,,,,,,,,,,,,,,,,,
DF_E_2041164.wav,0,0,0,0,1,vc,1,,,,,,,,,,,,,,,,,,,,,,,,,,,,,,,,,,,,,,,,,
DF_E_2041178.wav,0,0,0,0,1,vc,1,,,,,,,,,,,,,,,,,,,,,,,,,,,,,,,,,,,,,,,,,
DF_E_2043235.wav,0,0,0,1,1,vc,1,,,,,,,,,,,,,,,,,,,,,,,,,,,,,,,,,,,,,,,,,
DF_E_2046413.wav,0,1,0,1,1,vc,1,,,,,,,,,,,,,,,,,,,,,,,,,,,,,,,,,,,,,,,,,
DF_E_2046923.wav,0,0,0,1,1,vc,1,,,,,,,,,,,,,,,,,,,,,,,,,,,,,,,,,,,,,,,,,
DF_E_2047370.wav,1,0,0,0,1,vc,1,,,,,,,,,,,,,,,,,,,,,,,,,,,,,,,,,,,,,,,,,
DF_E_2047599.wav,0,0,0,1,1,vc,1,,,,,,,,,,,,,,,,,,,,,,,,,,,,,,,,,,,,,,,,,
DF_E_2049324.wav,1,0,0,0,1,vc,1,,,,,,,,,,,,,,,,,,,,,,,,,,,,,,,,,,,,,,,,,
DF_E_2051342.wav,0,0,0,1,1,vc,1,,,,,,,,,,,,,,,,,,,,,,,,,,,,,,,,,,,,,,,,,
DF_E_2053139.wav,0,1,0,1,1,vc,1,,,,,,,,,,,,,,,,,,,,,,,,,,,,,,,,,,,,,,,,,
DF_E_2057121.wav,1,0,0,0,1,vc,1,,,,,,,,,,,,,,,,,,,,,,,,,,,,,,,,,,,,,,,,,
DF_E_2069151.wav,1,0,0,1,1,vc,1,,,,,,,,,,,,,,,,,,,,,,,,,,,,,,,,,,,,,,,,,
DF_E_2069459.wav,1,0,0,1,1,vc,1,,,,,,,,,,,,,,,,,,,,,,,,,,,,,,,,,,,,,,,,,
DF_E_2069617.wav,0,1,0,0,1,vc,1,,,,,,,,,,,,,,,,,,,,,,,,,,,,,,,,,,,,,,,,,
DF_E_2069671.wav,0,0,0,1,1,vc,1,,,,,,,,,,,,,,,,,,,,,,,,,,,,,,,,,,,,,,,,,
DF_E_2069747.wav,1,0,0,0,1,vc,1,,,,,,,,,,,,,,,,,,,,,,,,,,,,,,,,,,,,,,,,,
DF_E_2069756.wav,0,0,0,0,1,vc,1,,,,,,,,,,,,,,,,,,,,,,,,,,,,,,,,,,,,,,,,,
DF_E_2069869.wav,1,0,0,0,1,vc,1,,,,,,,,,,,,,,,,,,,,,,,,,,,,,,,,,,,,,,,,,
DF_E_2069891.wav,1,0,0,1,1,vc,1,,,,,,,,,,,,,,,,,,,,,,,,,,,,,,,,,,,,,,,,,
DF_E_2069937.wav,1,0,0,0,1,vc,1,,,,,,,,,,,,,,,,,,,,,,,,,,,,,,,,,,,,,,,,,
DF_E_2070334.wav,0,0,0,0,1,vc,1,,,,,,,,,,,,,,,,,,,,,,,,,,,,,,,,,,,,,,,,,
DF_E_2070540.wav,,,,,,vc,1,,,,,,,,,,,,,,,,,,,,,,,,,,,,,,,,,,,,,,,,,
DF_E_2159900.wav,0,0,0,1,1,vc,1,,,,,,,,,,,,,,,,,,,,,,,,,,,,,,,,,,,,,,,,,
DF_E_2160541.wav,1,0,0,1,1,vc,1,,,,,,,,,,,,,,,,,,,,,,,,,,,,,,,,,,,,,,,,,
DF_E_2161732.wav,0,0,0,0,1,vc,1,,,,,,,,,,,,,,,,,,,,,,,,,,,,,,,,,,,,,,,,,
DF_E_2161896.wav,0,0,0,1,1,vc,1,,,,,,,,,,,,,,,,,,,,,,,,,,,,,,,,,,,,,,,,,
DF_E_2162867.wav,1,0,0,1,1,vc,1,,,,,,,,,,,,,,,,,,,,,,,,,,,,,,,,,,,,,,,,,
DF_E_2162966.wav,1,0,0,0,1,vc,1,,,,,,,,,,,,,,,,,,,,,,,,,,,,,,,,,,,,,,,,,
DF_E_2163268.wav,0,0,0,0,1,vc,1,,,,,,,,,,,,,,,,,,,,,,,,,,,,,,,,,,,,,,,,,
DF_E_2163294.wav,0,1,0,0,1,vc,1,,,,,,,,,,,,,,,,,,,,,,,,,,,,,,,,,,,,,,,,,
DF_E_2163732.wav,1,0,0,0,1,vc,1,,,,,,,,,,,,,,,,,,,,,,,,,,,,,,,,,,,,,,,,,
DF_E_2163866.wav,0,0,0,1,1,vc,1,,,,,,,,,,,,,,,,,,,,,,,,,,,,,,,,,,,,,,,,,
DF_E_2164466.wav,0,0,0,1,1,vc,1,,,,,,,,,,,,,,,,,,,,,,,,,,,,,,,,,,,,,,,,,
DF_E_2164866.wav,1,0,0,0,1,vc,1,,,,,,,,,,,,,,,,,,,,,,,,,,,,,,,,,,,,,,,,,
DF_E_2165708.wav,0,0,0,1,1,vc,1,,,,,,,,,,,,,,,,,,,,,,,,,,,,,,,,,,,,,,,,,
DF_E_2166145.wav,0,0,0,0,1,vc,1,,,,,,,,,,,,,,,,,,,,,,,,,,,,,,,,,,,,,,,,,
DF_E_2166936.wav,1,0,0,1,1,vc,1,,,,,,,,,,,,,,,,,,,,,,,,,,,,,,,,,,,,,,,,,
DF_E_2167299.wav,0,0,0,0,1,vc,1,,,,,,,,,,,,,,,,,,,,,,,,,,,,,,,,,,,,,,,,,
DF_E_2167757.wav,0,0,0,1,1,vc,1,,,,,,,,,,,,,,,,,,,,,,,,,,,,,,,,,,,,,,,,,
DF_E_2000031.wav,1,0,0,0,1,tts,1,,,,,,,,,,,,,,,,,,,,,,,,,,,,,,,,,,,,,,,,,
DF_E_2000106.wav,1,0,1,0,1,tts,1,,,,,,,,,,,,,,,,,,,,,,,,,,,,,,,,,,,,,,,,,
DF_E_2000127.wav,1,0,0,0,1,tts,1,,,,,,,,,,,,,,,,,,,,,,,,,,,,,,,,,,,,,,,,,
DF_E_2000311.wav,1,0,1,0,1,tts,1,,,,,,,,,,,,,,,,,,,,,,,,,,,,,,,,,,,,,,,,,
DF_E_2001435.wav,1,0,0,0,1,tts,1,,,,,,,,,,,,,,,,,,,,,,,,,,,,,,,,,,,,,,,,,
DF_E_2001714.wav,1,0,0,0,1,tts,1,,,,,,,,,,,,,,,,,,,,,,,,,,,,,,,,,,,,,,,,,
DF_E_2557473.wav,0,1,0,0,1,tts,1,,,,,,,,,,,,,,,,,,,,,,,,,,,,,,,,,,,,,,,,,
DF_E_2558379.wav,1,1,0,0,1,tts,1,,,,,,,,,,,,,,,,,,,,,,,,,,,,,,,,,,,,,,,,,
DF_E_2559267.wav,1,1,1,0,1,tts,1,,,,,,,,,,,,,,,,,,,,,,,,,,,,,,,,,,,,,,,,,
DF_E_2573515.wav,1,0,0,0,1,tts,1,,,,,,,,,,,,,,,,,,,,,,,,,,,,,,,,,,,,,,,,,
DF_E_2573635.wav,1,0,0,0,1,tts,1,,,,,,,,,,,,,,,,,,,,,,,,,,,,,,,,,,,,,,,,,
DF_E_2573757.wav,1,1,0,0,1,tts,1,,,,,,,,,,,,,,,,,,,,,,,,,,,,,,,,,,,,,,,,,
DF_E_2574091.wav,1,0,0,0,1,tts,1,,,,,,,,,,,,,,,,,,,,,,,,,,,,,,,,,,,,,,,,,
DF_E_2574483.wav,1,0,0,0,1,tts,1,,,,,,,,,,,,,,,,,,,,,,,,,,,,,,,,,,,,,,,,,
google101.wav,1,0,0,0,1,tts,1,,,,,,,,,,,,,,,,,,,,,,,,,,,,,,,,,,,,,,,,,
DF_E_2576690.wav,1,0,0,0,1,tts,1,,,,,,,,,,,,,,,,,,,,,,,,,,,,,,,,,,,,,,,,,
DF_E_2577312.wav,1,0,0,0,1,tts,1,,,,,,,,,,,,,,,,,,,,,,,,,,,,,,,,,,,,,,,,,
DF_E_2577481.wav,1,0,1,0,1,tts,1,,,,,,,,,,,,,,,,,,,,,,,,,,,,,,,,,,,,,,,,,
DF_E_2577671.wav,1,0,0,0,1,tts,1,,,,,,,,,,,,,,,,,,,,,,,,,,,,,,,,,,,,,,,,,
DF_E_2577790.wav,1,1,0,0,1,tts,1,,,,,,,,,,,,,,,,,,,,,,,,,,,,,,,,,,,,,,,,,
DF_E_2589905.wav,1,1,0,0,1,tts,1,,,,,,,,,,,,,,,,,,,,,,,,,,,,,,,,,,,,,,,,,
DF_E_2595206.wav,1,0,0,0,1,tts,1,,,,,,,,,,,,,,,,,,,,,,,,,,,,,,,,,,,,,,,,,
DF_E_2595232.wav,0,0,0,0,0,tts,1,,,,,,,,,,,,,,,,,,,,,,,,,,,,,,,,,,,,,,,,,
DF_E_2595762.wav,1,0,0,0,1,tts,1,,,,,,,,,,,,,,,,,,,,,,,,,,,,,,,,,,,,,,,,,
DF_E_2595920.wav,1,0,0,0,1,tts,1,,,,,,,,,,,,,,,,,,,,,,,,,,,,,,,,,,,,,,,,,
google201.wav,1,0,1,0,1,tts,1,,,,,,,,,,,,,,,,,,,,,,,,,,,,,,,,,,,,,,,,,
google102.wav,1,1,0,0,1,tts,1,,,,,,,,,,,,,,,,,,,,,,,,,,,,,,,,,,,,,,,,,
DF_E_2596979.wav,0,0,0,0,0,tts,1,,,,,,,,,,,,,,,,,,,,,,,,,,,,,,,,,,,,,,,,,
DF_E_2604854.wav,1,1,1,0,1,tts,1,,,,,,,,,,,,,,,,,,,,,,,,,,,,,,,,,,,,,,,,,
google202.wav,0,1,0,0,1,tts,1,,,,,,,,,,,,,,,,,,,,,,,,,,,,,,,,,,,,,,,,,
google203.wav,0,1,0,0,1,tts,1,,,,,,,,,,,,,,,,,,,,,,,,,,,,,,,,,,,,,,,,,
DF_E_2624847.wav,1,0,0,0,1,tts,1,,,,,,,,,,,,,,,,,,,,,,,,,,,,,,,,,,,,,,,,,
google204.wav,0,0,0,0,1,tts,1,,,,,,,,,,,,,,,,,,,,,,,,,,,,,,,,,,,,,,,,,
DF_E_2625426.wav,0,0,0,0,1,tts,1,,,,,,,,,,,,,,,,,,,,,,,,,,,,,,,,,,,,,,,,,
DF_E_2625742.wav,0,0,0,0,1,tts,1,,,,,,,,,,,,,,,,,,,,,,,,,,,,,,,,,,,,,,,,,
DF_E_2626001.wav,0,0,0,0,1,tts,1,,,,,,,,,,,,,,,,,,,,,,,,,,,,,,,,,,,,,,,,,
DF_E_2626547.wav,1,0,0,0,1,tts,1,,,,,,,,,,,,,,,,,,,,,,,,,,,,,,,,,,,,,,,,,
DF_E_2627061.wav,1,0,0,0,1,tts,1,,,,,,,,,,,,,,,,,,,,,,,,,,,,,,,,,,,,,,,,,
DF_E_2627345.wav,0,1,0,0,1,tts,1,,,,,,,,,,,,,,,,,,,,,,,,,,,,,,,,,,,,,,,,,
google103.wav,1,1,0,0,1,tts,1,,,,,,,,,,,,,,,,,,,,,,,,,,,,,,,,,,,,,,,,,
file3.wav,1,0,0,0,1,tts,1,,,,,,,,,,,,,,,,,,,,,,,,,,,,,,,,,,,,,,,,,
file6.wav,0,0,0,0,1,tts,1,,,,,,,,,,,,,,,,,,,,,,,,,,,,,,,,,,,,,,,,,
google205.wav,1,1,0,0,1,tts,1,,,,,,,,,,,,,,,,,,,,,,,,,,,,,,,,,,,,,,,,,
file27.wav,1,1,0,0,1,tts,1,,,,,,,,,,,,,,,,,,,,,,,,,,,,,,,,,,,,,,,,,
file64.wav,1,0,0,0,1,tts,1,,,,,,,,,,,,,,,,,,,,,,,,,,,,,,,,,,,,,,,,,
file66.wav,1,0,0,0,1,tts,1,,,,,,,,,,,,,,,,,,,,,,,,,,,,,,,,,,,,,,,,,
file83 (1).wav,0,0,0,0,1,tts,1,,,,,,,,,,,,,,,,,,,,,,,,,,,,,,,,,,,,,,,,,
file84.wav,1,0,0,0,1,tts,1,,,,,,,,,,,,,,,,,,,,,,,,,,,,,,,,,,,,,,,,,
file88.wav,1,0,0,0,1,tts,1,,,,,,,,,,,,,,,,,,,,,,,,,,,,,,,,,,,,,,,,,
file89.wav,1,0,0,0,1,tts,1,,,,,,,,,,,,,,,,,,,,,,,,,,,,,,,,,,,,,,,,,
google105.wav,1,0,0,0,1,tts,1,,,,,,,,,,,,,,,,,,,,,,,,,,,,,,,,,,,,,,,,,
google206.wav,1,1,0,0,1,tts,1,,,,,,,,,,,,,,,,,,,,,,,,,,,,,,,,,,,,,,,,,
google207.wav,1,1,0,0,1,tts,1,,,,,,,,,,,,,,,,,,,,,,,,,,,,,,,,,,,,,,,,,
file131.wav,1,0,0,0,1,tts,1,,,,,,,,,,,,,,,,,,,,,,,,,,,,,,,,,,,,,,,,,
file137.wav,1,0,0,0,1,tts,1,,,,,,,,,,,,,,,,,,,,,,,,,,,,,,,,,,,,,,,,,
file139.wav,1,0,1,0,1,tts,1,,,,,,,,,,,,,,,,,,,,,,,,,,,,,,,,,,,,,,,,,
google208.wav,1,1,1,0,1,tts,1,,,,,,,,,,,,,,,,,,,,,,,,,,,,,,,,,,,,,,,,,
file152.wav,1,0,0,0,1,tts,1,,,,,,,,,,,,,,,,,,,,,,,,,,,,,,,,,,,,,,,,,
file155.wav,1,0,0,0,1,tts,1,,,,,,,,,,,,,,,,,,,,,,,,,,,,,,,,,,,,,,,,,
file157.wav,1,0,0,0,1,tts,1,,,,,,,,,,,,,,,,,,,,,,,,,,,,,,,,,,,,,,,,,
file161.wav,1,0,1,0,1,tts,1,,,,,,,,,,,,,,,,,,,,,,,,,,,,,,,,,,,,,,,,,
file166.wav,1,0,0,0,1,tts,1,,,,,,,,,,,,,,,,,,,,,,,,,,,,,,,,,,,,,,,,,
google109.wav,1,1,0,0,1,tts,1,,,,,,,,,,,,,,,,,,,,,,,,,,,,,,,,,,,,,,,,,
file176.wav,1,0,0,0,1,tts,1,,,,,,,,,,,,,,,,,,,,,,,,,,,,,,,,,,,,,,,,,
file180.wav,0,0,0,0,1,tts,1,,,,,,,,,,,,,,,,,,,,,,,,,,,,,,,,,,,,,,,,,
file185.wav,0,0,0,0,1,tts,1,,,,,,,,,,,,,,,,,,,,,,,,,,,,,,,,,,,,,,,,,
google110.wav,0,1,0,0,1,tts,1,,,,,,,,,,,,,,,,,,,,,,,,,,,,,,,,,,,,,,,,,
google107.wav,1,0,0,0,1,tts,1,,,,,,,,,,,,,,,,,,,,,,,,,,,,,,,,,,,,,,,,,
file194.wav,1,0,0,0,1,tts,1,,,,,,,,,,,,,,,,,,,,,,,,,,,,,,,,,,,,,,,,,
file195.wav,1,0,0,0,1,tts,1,,,,,,,,,,,,,,,,,,,,,,,,,,,,,,,,,,,,,,,,,
file204.wav,1,0,0,0,1,tts,1,,,,,,,,,,,,,,,,,,,,,,,,,,,,,,,,,,,,,,,,,
file213.wav,1,0,0,0,1,tts,1,,,,,,,,,,,,,,,,,,,,,,,,,,,,,,,,,,,,,,,,,
file215.wav,1,1,0,0,1,tts,1,,,,,,,,,,,,,,,,,,,,,,,,,,,,,,,,,,,,,,,,,
file221.wav,1,0,1,0,1,tts,1,,,,,,,,,,,,,,,,,,,,,,,,,,,,,,,,,,,,,,,,,
file228.wav,0,0,0,0,1,tts,1,,,,,,,,,,,,,,,,,,,,,,,,,,,,,,,,,,,,,,,,,
file229.wav,1,0,0,0,1,tts,1,,,,,,,,,,,,,,,,,,,,,,,,,,,,,,,,,,,,,,,,,
file239.wav,0,0,0,0,1,tts,1,,,,,,,,,,,,,,,,,,,,,,,,,,,,,,,,,,,,,,,,,
file248.wav,0,0,0,0,1,tts,1,,,,,,,,,,,,,,,,,,,,,,,,,,,,,,,,,,,,,,,,,
file250.wav,1,0,0,0,1,tts,1,,,,,,,,,,,,,,,,,,,,,,,,,,,,,,,,,,,,,,,,,
file258.wav,1,0,0,0,1,tts,1,,,,,,,,,,,,,,,,,,,,,,,,,,,,,,,,,,,,,,,,,
DF_E_2000053.wav,1,0,0,0,1,genuine,0,,,,,,,,,,,,,,,,,,,,,,,,,,,,,,,,,,,,,,,,,
DF_E_2000058.wav,0,0,0,0,0,genuine,0,,,,,,,,,,,,,,,,,,,,,,,,,,,,,,,,,,,,,,,,,
DF_E_2000503.wav,0,0,0,0,0,genuine,0,,,,,,,,,,,,,,,,,,,,,,,,,,,,,,,,,,,,,,,,,
DF_E_2000508.wav,0,0,1,0,0,genuine,0,,,,,,,,,,,,,,,,,,,,,,,,,,,,,,,,,,,,,,,,,
DF_E_2000531.wav,0,0,0,0,0,genuine,0,,,,,,,,,,,,,,,,,,,,,,,,,,,,,,,,,,,,,,,,,
DF_E_2000676 (1).wav,1,0,0,0,1,genuine,0,,,,,,,,,,,,,,,,,,,,,,,,,,,,,,,,,,,,,,,,,
DF_E_2001149.wav,1,0,0,1,0,genuine,0,,,,,,,,,,,,,,,,,,,,,,,,,,,,,,,,,,,,,,,,,
DF_E_2001163.wav,1,0,0,1,0,genuine,0,,,,,,,,,,,,,,,,,,,,,,,,,,,,,,,,,,,,,,,,,
DF_E_2001230.wav,1,0,0,1,0,genuine,0,,,,,,,,,,,,,,,,,,,,,,,,,,,,,,,,,,,,,,,,,
DF_E_2001695.wav,0,0,0,0,0,genuine,0,,,,,,,,,,,,,,,,,,,,,,,,,,,,,,,,,,,,,,,,,
DF_E_2001832.wav,1,0,0,0,0,genuine,0,,,,,,,,,,,,,,,,,,,,,,,,,,,,,,,,,,,,,,,,,
DF_E_2002152.wav,0,0,0,0,1,genuine,0,,,,,,,,,,,,,,,,,,,,,,,,,,,,,,,,,,,,,,,,,
DF_E_2002202.wav,0,0,0,0,1,genuine,0,,,,,,,,,,,,,,,,,,,,,,,,,,,,,,,,,,,,,,,,,
DF_E_2002307.wav,1,1,0,0,1,genuine,0,,,,,,,,,,,,,,,,,,,,,,,,,,,,,,,,,,,,,,,,,
DF_E_2002420.wav,0,0,0,1,0,genuine,0,,,,,,,,,,,,,,,,,,,,,,,,,,,,,,,,,,,,,,,,,
DF_E_2002526.wav,1,1,0,1,1,genuine,0,,,,,,,,,,,,,,,,,,,,,,,,,,,,,,,,,,,,,,,,,
DF_E_2002672.wav,0,0,1,0,0,genuine,0,,,,,,,,,,,,,,,,,,,,,,,,,,,,,,,,,,,,,,,,,
DF_E_2002753.wav,1,0,0,1,0,genuine,0,,,,,,,,,,,,,,,,,,,,,,,,,,,,,,,,,,,,,,,,,
DF_E_2002772.wav,1,0,0,0,1,genuine,0,,,,,,,,,,,,,,,,,,,,,,,,,,,,,,,,,,,,,,,,,
DF_E_2002884.wav,0,0,0,1,0,genuine,0,,,,,,,,,,,,,,,,,,,,,,,,,,,,,,,,,,,,,,,,,
DF_E_2002979.wav,0,0,0,1,0,genuine,0,,,,,,,,,,,,,,,,,,,,,,,,,,,,,,,,,,,,,,,,,
DF_E_2003008.wav,0,0,0,1,0,genuine,0,,,,,,,,,,,,,,,,,,,,,,,,,,,,,,,,,,,,,,,,,
DF_E_2003021.wav,0,0,0,1,0,genuine,0,,,,,,,,,,,,,,,,,,,,,,,,,,,,,,,,,,,,,,,,,
DF_E_2003082.wav,1,1,0,1,0,genuine,0,,,,,,,,,,,,,,,,,,,,,,,,,,,,,,,,,,,,,,,,,
DF_E_2003108.wav,0,0,0,0,0,genuine,0,,,,,,,,,,,,,,,,,,,,,,,,,,,,,,,,,,,,,,,,,
DF_E_2003222.wav,0,0,0,1,0,genuine,0,,,,,,,,,,,,,,,,,,,,,,,,,,,,,,,,,,,,,,,,,
DF_E_2003230.wav,0,0,0,1,0,genuine,0,,,,,,,,,,,,,,,,,,,,,,,,,,,,,,,,,,,,,,,,,
DF_E_2003555.wav,0,0,0,1,1,genuine,0,,,,,,,,,,,,,,,,,,,,,,,,,,,,,,,,,,,,,,,,,
DF_E_2003934.wav,0,0,0,1,1,genuine,0,,,,,,,,,,,,,,,,,,,,,,,,,,,,,,,,,,,,,,,,,
DF_E_2004156.wav,0,0,0,1,0,genuine,0,,,,,,,,,,,,,,,,,,,,,,,,,,,,,,,,,,,,,,,,,
DF_E_2004205.wav,1,0,0,1,0,genuine,0,,,,,,,,,,,,,,,,,,,,,,,,,,,,,,,,,,,,,,,,,
DF_E_2004207.wav,1,0,0,1,0,genuine,0,,,,,,,,,,,,,,,,,,,,,,,,,,,,,,,,,,,,,,,,,
DF_E_2004215.wav,0,0,0,1,0,genuine,0,,,,,,,,,,,,,,,,,,,,,,,,,,,,,,,,,,,,,,,,,
DF_E_2004476.wav,1,0,0,1,0,genuine,0,,,,,,,,,,,,,,,,,,,,,,,,,,,,,,,,,,,,,,,,,
DF_E_2004766.wav,0,0,0,1,0,genuine,0,,,,,,,,,,,,,,,,,,,,,,,,,,,,,,,,,,,,,,,,,
DF_E_2004935.wav,0,0,1,1,0,genuine,0,,,,,,,,,,,,,,,,,,,,,,,,,,,,,,,,,,,,,,,,,
DF_E_2005024.wav,0,1,0,0,1,genuine,0,,,,,,,,,,,,,,,,,,,,,,,,,,,,,,,,,,,,,,,,,
DF_E_2005033.wav,0,0,0,0,0,genuine,0,,,,,,,,,,,,,,,,,,,,,,,,,,,,,,,,,,,,,,,,,
DF_E_2005095.wav,1,0,0,0,1,genuine,0,,,,,,,,,,,,,,,,,,,,,,,,,,,,,,,,,,,,,,,,,
DF_E_2005245.wav,0,0,0,0,1,genuine,0,,,,,,,,,,,,,,,,,,,,,,,,,,,,,,,,,,,,,,,,,
DF_E_2005412.wav,1,0,0,1,0,genuine,0,,,,,,,,,,,,,,,,,,,,,,,,,,,,,,,,,,,,,,,,,
DF_E_2005547.wav,0,0,0,1,1,genuine,0,,,,,,,,,,,,,,,,,,,,,,,,,,,,,,,,,,,,,,,,,
DF_E_2005779.wav,0,0,0,1,1,genuine,0,,,,,,,,,,,,,,,,,,,,,,,,,,,,,,,,,,,,,,,,,
DF_E_2005967.wav,0,1,0,1,0,genuine,0,,,,,,,,,,,,,,,,,,,,,,,,,,,,,,,,,,,,,,,,,
DF_E_2006057.wav,0,0,0,1,0,genuine,0,,,,,,,,,,,,,,,,,,,,,,,,,,,,,,,,,,,,,,,,,
DF_E_2006062.wav,0,0,0,0,1,genuine,0,,,,,,,,,,,,,,,,,,,,,,,,,,,,,,,,,,,,,,,,,
DF_E_2006108.wav,0,0,0,1,0,genuine,0,,,,,,,,,,,,,,,,,,,,,,,,,,,,,,,,,,,,,,,,,
DF_E_2006367.wav,0,0,0,1,0,genuine,0,,,,,,,,,,,,,,,,,,,,,,,,,,,,,,,,,,,,,,,,,
DF_E_2006414.wav,0,0,0,1,0,genuine,0,,,,,,,,,,,,,,,,,,,,,,,,,,,,,,,,,,,,,,,,,
DF_E_2006437.wav,1,0,0,1,0,genuine,0,,,,,,,,,,,,,,,,,,,,,,,,,,,,,,,,,,,,,,,,,
DF_E_2006743.wav,1,0,0,0,1,genuine,0,,,,,,,,,,,,,,,,,,,,,,,,,,,,,,,,,,,,,,,,,
DF_E_2006837.wav,0,0,0,1,0,genuine,0,,,,,,,,,,,,,,,,,,,,,,,,,,,,,,,,,,,,,,,,,
DF_E_2007079.wav,0,0,1,1,0,genuine,0,,,,,,,,,,,,,,,,,,,,,,,,,,,,,,,,,,,,,,,,,
DF_E_2007102.wav,0,0,0,0,0,genuine,0,,,,,,,,,,,,,,,,,,,,,,,,,,,,,,,,,,,,,,,,,
DF_E_2007297.wav,0,0,0,1,0,genuine,0,,,,,,,,,,,,,,,,,,,,,,,,,,,,,,,,,,,,,,,,,
DF_E_2007327.wav,0,0,0,1,0,genuine,0,,,,,,,,,,,,,,,,,,,,,,,,,,,,,,,,,,,,,,,,,
DF_E_2007574.wav,0,0,0,1,0,genuine,0,,,,,,,,,,,,,,,,,,,,,,,,,,,,,,,,,,,,,,,,,
DF_E_2007773.wav,1,0,0,0,1,genuine,0,,,,,,,,,,,,,,,,,,,,,,,,,,,,,,,,,,,,,,,,,
DF_E_2007778.wav,1,0,0,0,0,genuine,0,,,,,,,,,,,,,,,,,,,,,,,,,,,,,,,,,,,,,,,,,
DF_E_2008096.wav,0,0,0,0,0,genuine,0,,,,,,,,,,,,,,,,,,,,,,,,,,,,,,,,,,,,,,,,,
DF_E_2008139.wav,1,0,0,0,0,genuine,0,,,,,,,,,,,,,,,,,,,,,,,,,,,,,,,,,,,,,,,,,
DF_E_2008237.wav,0,0,0,1,0,genuine,0,,,,,,,,,,,,,,,,,,,,,,,,,,,,,,,,,,,,,,,,,
DF_E_2008443.wav,0,0,0,0,0,genuine,0,,,,,,,,,,,,,,,,,,,,,,,,,,,,,,,,,,,,,,,,,
DF_E_2008863.wav,0,0,0,1,0,genuine,0,,,,,,,,,,,,,,,,,,,,,,,,,,,,,,,,,,,,,,,,,
DF_E_2010711.wav,0,0,0,1,0,genuine,0,,,,,,,,,,,,,,,,,,,,,,,,,,,,,,,,,,,,,,,,,
DF_E_2010729.wav,0,0,0,1,0,genuine,0,,,,,,,,,,,,,,,,,,,,,,,,,,,,,,,,,,,,,,,,,
DF_E_2010776.wav,0,0,0,1,0,genuine,0,,,,,,,,,,,,,,,,,,,,,,,,,,,,,,,,,,,,,,,,,
DF_E_2010941.wav,1,0,0,0,1,genuine,0,,,,,,,,,,,,,,,,,,,,,,,,,,,,,,,,,,,,,,,,,
DF_E_2011273.wav,0,0,0,0,0,genuine,0,,,,,,,,,,,,,,,,,,,,,,,,,,,,,,,,,,,,,,,,,
DF_E_2011319.wav,0,1,0,0,0,genuine,0,,,,,,,,,,,,,,,,,,,,,,,,,,,,,,,,,,,,,,,,,
DF_E_2011339.wav,0,0,0,0,0,genuine,0,,,,,,,,,,,,,,,,,,,,,,,,,,,,,,,,,,,,,,,,,
DF_E_2011491.wav,0,0,0,1,0,genuine,0,,,,,,,,,,,,,,,,,,,,,,,,,,,,,,,,,,,,,,,,,
DF_E_2011518.wav,0,0,0,0,1,genuine,0,,,,,,,,,,,,,,,,,,,,,,,,,,,,,,,,,,,,,,,,,
DF_E_2011647.wav,1,0,0,0,1,genuine,0,,,,,,,,,,,,,,,,,,,,,,,,,,,,,,,,,,,,,,,,,
DF_E_2011649.wav,0,0,0,0,0,genuine,0,,,,,,,,,,,,,,,,,,,,,,,,,,,,,,,,,,,,,,,,,
DF_E_2012341.wav,0,0,0,1,0,genuine,0,,,,,,,,,,,,,,,,,,,,,,,,,,,,,,,,,,,,,,,,,
DF_E_2012547.wav,0,0,0,0,0,genuine,0,,,,,,,,,,,,,,,,,,,,,,,,,,,,,,,,,,,,,,,,,
DF_E_2012571.wav,0,0,0,0,1,genuine,0,,,,,,,,,,,,,,,,,,,,,,,,,,,,,,,,,,,,,,,,,
DF_E_2012867.wav,1,0,0,0,0,genuine,0,,,,,,,,,,,,,,,,,,,,,,,,,,,,,,,,,,,,,,,,,
DF_E_2012922.wav,0,0,0,1,0,genuine,0,,,,,,,,,,,,,,,,,,,,,,,,,,,,,,,,,,,,,,,,,
DF_E_2013311.wav,0,0,0,0,0,genuine,0,,,,,,,,,,,,,,,,,,,,,,,,,,,,,,,,,,,,,,,,,
DF_E_2013488.wav,0,0,0,1,0,genuine,0,,,,,,,,,,,,,,,,,,,,,,,,,,,,,,,,,,,,,,,,,
DF_E_2013561.wav,0,0,0,1,0,genuine,0,,,,,,,,,,,,,,,,,,,,,,,,,,,,,,,,,,,,,,,,,
DF_E_2014017.wav,0,0,0,1,1,genuine,0,,,,,,,,,,,,,,,,,,,,,,,,,,,,,,,,,,,,,,,,,
DF_E_2014251.wav,0,0,0,1,0,genuine,0,,,,,,,,,,,,,,,,,,,,,,,,,,,,,,,,,,,,,,,,,
DF_E_2014510.wav,0,0,0,1,0,genuine,0,,,,,,,,,,,,,,,,,,,,,,,,,,,,,,,,,,,,,,,,,
DF_E_2014624.wav,0,0,0,1,0,genuine,0,,,,,,,,,,,,,,,,,,,,,,,,,,,,,,,,,,,,,,,,,
DF_E_2053089.wav,0,0,0,1,0,genuine,0,,,,,,,,,,,,,,,,,,,,,,,,,,,,,,,,,,,,,,,,,
DF_E_2053923.wav,0,0,0,1,0,genuine,0,,,,,,,,,,,,,,,,,,,,,,,,,,,,,,,,,,,,,,,,,
DF_E_2053973.wav,0,0,0,1,0,genuine,0,,,,,,,,,,,,,,,,,,,,,,,,,,,,,,,,,,,,,,,,,
DF_E_2054294.wav,0,0,0,0,1,genuine,0,,,,,,,,,,,,,,,,,,,,,,,,,,,,,,,,,,,,,,,,,
file1.wav,0,1,0,0,1,genuine,0,,,,,,,,,,,,,,,,,,,,,,,,,,,,,,,,,,,,,,,,,
file2.wav,0,0,0,1,0,genuine,0,,,,,,,,,,,,,,,,,,,,,,,,,,,,,,,,,,,,,,,,,
file3.wav,0,0,0,0,0,genuine,0,,,,,,,,,,,,,,,,,,,,,,,,,,,,,,,,,,,,,,,,,
file7.wav,0,0,0,0,0,genuine,0,,,,,,,,,,,,,,,,,,,,,,,,,,,,,,,,,,,,,,,,,
file9.wav,0,1,0,0,0,genuine,0,,,,,,,,,,,,,,,,,,,,,,,,,,,,,,,,,,,,,,,,,
file13.wav,1,0,0,0,1,genuine,0,,,,,,,,,,,,,,,,,,,,,,,,,,,,,,,,,,,,,,,,,
file17.wav,0,0,0,0,0,genuine,0,,,,,,,,,,,,,,,,,,,,,,,,,,,,,,,,,,,,,,,,,
file25.wav,0,0,0,0,1,genuine,0,,,,,,,,,,,,,,,,,,,,,,,,,,,,,,,,,,,,,,,,,
file27.wav,0,0,0,0,0,genuine,0,,,,,,,,,,,,,,,,,,,,,,,,,,,,,,,,,,,,,,,,,
file30.wav,0,1,0,0,0,genuine,0,,,,,,,,,,,,,,,,,,,,,,,,,,,,,,,,,,,,,,,,,
file33.wav,0,0,0,0,0,genuine,0,,,,,,,,,,,,,,,,,,,,,,,,,,,,,,,,,,,,,,,,,
file36.wav,0,1,0,0,1,genuine,0,,,,,,,,,,,,,,,,,,,,,,,,,,,,,,,,,,,,,,,,,
file44.wav,0,0,0,0,1,genuine,0,,,,,,,,,,,,,,,,,,,,,,,,,,,,,,,,,,,,,,,,,
file47.wav,0,0,0,0,1,genuine,0,,,,,,,,,,,,,,,,,,,,,,,,,,,,,,,,,,,,,,,,,
file48.wav,0,0,0,0,1,genuine,0,,,,,,,,,,,,,,,,,,,,,,,,,,,,,,,,,,,,,,,,,
file50.wav,0,0,0,0,1,genuine,0,,,,,,,,,,,,,,,,,,,,,,,,,,,,,,,,,,,,,,,,,
file51.wav,0,0,0,0,1,genuine,0,,,,,,,,,,,,,,,,,,,,,,,,,,,,,,,,,,,,,,,,,
file52.wav,0,0,0,0,1,genuine,0,,,,,,,,,,,,,,,,,,,,,,,,,,,,,,,,,,,,,,,,,
file53.wav,0,0,0,0,0,genuine,0,,,,,,,,,,,,,,,,,,,,,,,,,,,,,,,,,,,,,,,,,
file54.wav,0,0,0,0,1,genuine,0,,,,,,,,,,,,,,,,,,,,,,,,,,,,,,,,,,,,,,,,,
file55.wav,0,0,0,0,1,genuine,0,,,,,,,,,,,,,,,,,,,,,,,,,,,,,,,,,,,,,,,,,
file56.wav,0,0,0,0,0,genuine,0,,,,,,,,,,,,,,,,,,,,,,,,,,,,,,,,,,,,,,,,,
file60.wav,0,0,0,0,0,genuine,0,,,,,,,,,,,,,,,,,,,,,,,,,,,,,,,,,,,,,,,,,
file63.wav,0,0,0,0,1,genuine,0,,,,,,,,,,,,,,,,,,,,,,,,,,,,,,,,,,,,,,,,,
file68.wav,0,0,0,0,1,genuine,0,,,,,,,,,,,,,,,,,,,,,,,,,,,,,,,,,,,,,,,,,
file69.wav,1,0,0,0,0,genuine,0,,,,,,,,,,,,,,,,,,,,,,,,,,,,,,,,,,,,,,,,,
file76.wav,0,1,0,0,0,genuine,0,,,,,,,,,,,,,,,,,,,,,,,,,,,,,,,,,,,,,,,,,
file80.wav,1,1,0,0,0,genuine,0,,,,,,,,,,,,,,,,,,,,,,,,,,,,,,,,,,,,,,,,,
file81.wav,0,0,0,0,1,genuine,0,,,,,,,,,,,,,,,,,,,,,,,,,,,,,,,,,,,,,,,,,
PA_E_1055832.wav,0,0,0,0,0,genuine,0,,,,,,,,,,,,,,,,,,,,,,,,,,,,,,,,,,,,,,,,,
PA_E_1047071.wav,0,1,0,0,0,genuine,0,,,,,,,,,,,,,,,,,,,,,,,,,,,,,,,,,,,,,,,,,
PA_E_1073393.wav,0,0,0,0,0,genuine,0,,,,,,,,,,,,,,,,,,,,,,,,,,,,,,,,,,,,,,,,,
PA_E_1074894.wav,0,0,0,1,0,genuine,0,,,,,,,,,,,,,,,,,,,,,,,,,,,,,,,,,,,,,,,,,
PA_E_1083426.wav,0,1,0,0,0,genuine,0,,,,,,,,,,,,,,,,,,,,,,,,,,,,,,,,,,,,,,,,,
PA_E_1060478.wav,0,0,0,0,0,genuine,0,,,,,,,,,,,,,,,,,,,,,,,,,,,,,,,,,,,,,,,,,
PA_E_1050756.wav,0,0,0,0,1,genuine,0,,,,,,,,,,,,,,,,,,,,,,,,,,,,,,,,,,,,,,,,,
PA_E_1447845.wav,0,0,0,0,0,genuine,0,,,,,,,,,,,,,,,,,,,,,,,,,,,,,,,,,,,,,,,,,
Zahra_Khanjani_genuine_voice_2.wav,0,0,0,1,0,genuine,0,0,,,,,,,,,,,,,,,,,,,,,,,,,,,,,,,,,,,,,,,,
Zahra_Khanjani_genuine_voice_1.wav,0,0,0,1,0,genuine,0,0,,,,,,,,,,,,,,,,,,,,,,,,,,,,,,,,,,,,,,,,
PA_E_1009646.wav,0,1,0,0,1,genuine,0,,,,,,,,,,,,,,,,,,,,,,,,,,,,,,,,,,,,,,,,,
PA_E_1052766.wav,0,0,0,0,0,genuine,0,,,,,,,,,,,,,,,,,,,,,,,,,,,,,,,,,,,,,,,,,
PA_E_1067812.wav,0,0,0,0,0,genuine,0,,,,,,,,,,,,,,,,,,,,,,,,,,,,,,,,,,,,,,,,,
PA_E_1001324.wav,1,0,0,0,0,genuine,0,,,,,,,,,,,,,,,,,,,,,,,,,,,,,,,,,,,,,,,,,
PA_E_1065384.wav,0,0,0,0,0,genuine,0,,,,,,,,,,,,,,,,,,,,,,,,,,,,,,,,,,,,,,,,,
PA_E_1044591.wav,0,0,0,0,0,genuine,0,,,,,,,,,,,,,,,,,,,,,,,,,,,,,,,,,,,,,,,,,
PA_E_1000444.wav,0,0,0,0,1,genuine,0,,,,,,,,,,,,,,,,,,,,,,,,,,,,,,,,,,,,,,,,,
PA_E_1079194.wav,0,0,0,0,0,genuine,0,,,,,,,,,,,,,,,,,,,,,,,,,,,,,,,,,,,,,,,,,
PA_E_1044401.wav,0,0,0,0,0,genuine,0,,,,,,,,,,,,,,,,,,,,,,,,,,,,,,,,,,,,,,,,,
PA_E_1076119.wav,0,0,0,0,0,genuine,0,,,,,,,,,,,,,,,,,,,,,,,,,,,,,,,,,,,,,,,,,
PA_E_1064781.wav,0,0,0,0,1,genuine,0,,,,,,,,,,,,,,,,,,,,,,,,,,,,,,,,,,,,,,,,,
PA_E_1087668.wav,0,0,0,0,1,genuine,0,,,,,,,,,,,,,,,,,,,,,,,,,,,,,,,,,,,,,,,,,
PA_E_1077374.wav,0,1,0,0,0,genuine,0,,,,,,,,,,,,,,,,,,,,,,,,,,,,,,,,,,,,,,,,,
PA_E_1082267.wav,0,0,0,0,1,genuine,0,,,,,,,,,,,,,,,,,,,,,,,,,,,,,,,,,,,,,,,,,
PA_E_1062452.wav,0,1,0,0,0,genuine,0,,,,,,,,,,,,,,,,,,,,,,,,,,,,,,,,,,,,,,,,,
PA_E_1062778.wav,0,0,0,0,1,genuine,0,,,,,,,,,,,,,,,,,,,,,,,,,,,,,,,,,,,,,,,,,
PA_E_1001962.wav,1,0,0,0,1,genuine,0,,,,,,,,,,,,,,,,,,,,,,,,,,,,,,,,,,,,,,,,,
PA_E_1076998.wav,0,1,0,0,1,genuine,0,,,,,,,,,,,,,,,,,,,,,,,,,,,,,,,,,,,,,,,,,
PA_E_1054113.wav,0,0,0,0,0,genuine,0,,,,,,,,,,,,,,,,,,,,,,,,,,,,,,,,,,,,,,,,,
PA_E_1060049.wav,0,0,0,0,1,genuine,0,,,,,,,,,,,,,,,,,,,,,,,,,,,,,,,,,,,,,,,,,
PA_E_1086507.wav,0,0,0,0,0,genuine,0,,,,,,,,,,,,,,,,,,,,,,,,,,,,,,,,,,,,,,,,,
PA_E_1071807.wav,0,0,0,0,0,genuine,0,,,,,,,,,,,,,,,,,,,,,,,,,,,,,,,,,,,,,,,,,
PA_E_1085278.wav,0,0,0,0,0,genuine,0,,,,,,,,,,,,,,,,,,,,,,,,,,,,,,,,,,,,,,,,,
PA_E_1041570.wav,0,0,0,0,0,genuine,0,,,,,,,,,,,,,,,,,,,,,,,,,,,,,,,,,,,,,,,,,
PA_E_1072224.wav,0,0,1,0,0,genuine,0,,,,,,,,,,,,,,,,,,,,,,,,,,,,,,,,,,,,,,,,,
PA_E_1082010.wav,0,0,0,1,0,genuine,0,,,,,,,,,,,,,,,,,,,,,,,,,,,,,,,,,,,,,,,,,
PA_E_1049558.wav,0,0,0,0,0,genuine,0,,,,,,,,,,,,,,,,,,,,,,,,,,,,,,,,,,,,,,,,,
PA_E_1064997.wav,0,0,0,0,0,genuine,0,,,,,,,,,,,,,,,,,,,,,,,,,,,,,,,,,,,,,,,,,
PA_E_1062217.wav,0,0,0,0,0,genuine,0,,,,,,,,,,,,,,,,,,,,,,,,,,,,,,,,,,,,,,,,,
PA_E_1062480.wav,0,0,0,0,0,genuine,0,,,,,,,,,,,,,,,,,,,,,,,,,,,,,,,,,,,,,,,,,
PA_E_1000378.wav,0,0,0,0,1,replay_attack,1,,,,,,,,,,,,,,,,,,,,,,,,,,,,,,,,,,,,,,,,,
PA_E_1001941.wav,0,0,0,0,1,replay_attack,1,,,,,,,,,,,,,,,,,,,,,,,,,,,,,,,,,,,,,,,,,
PA_E_1002624.wav,0,0,0,0,1,replay_attack,1,,,,,,,,,,,,,,,,,,,,,,,,,,,,,,,,,,,,,,,,,
PA_E_1005047.wav,0,1,0,0,1,replay_attack,1,,,,,,,,,,,,,,,,,,,,,,,,,,,,,,,,,,,,,,,,,
PA_E_1005211.wav,0,0,0,0,1,replay_attack,1,,,,,,,,,,,,,,,,,,,,,,,,,,,,,,,,,,,,,,,,,
PA_E_1005318.wav,0,0,0,0,1,replay_attack,1,,,,,,,,,,,,,,,,,,,,,,,,,,,,,,,,,,,,,,,,,
PA_E_1006016.wav,0,0,0,0,1,replay_attack,1,,,,,,,,,,,,,,,,,,,,,,,,,,,,,,,,,,,,,,,,,
PA_E_1006141.wav,0,1,0,0,1,replay_attack,1,,,,,,,,,,,,,,,,,,,,,,,,,,,,,,,,,,,,,,,,,
PA_E_1008245.wav,0,0,0,0,1,replay_attack,1,,,,,,,,,,,,,,,,,,,,,,,,,,,,,,,,,,,,,,,,,
PA_E_1664775.wav,0,1,0,0,0,replay_attack,1,,,,,,,,,,,,,,,,,,,,,,,,,,,,,,,,,,,,,,,,,
PA_E_1013477.wav,0,1,0,0,1,replay_attack,1,,,,,,,,,,,,,,,,,,,,,,,,,,,,,,,,,,,,,,,,,
PA_E_1017935.wav,0,0,0,0,1,replay_attack,1,,,,,,,,,,,,,,,,,,,,,,,,,,,,,,,,,,,,,,,,,
PA_E_1020118.wav,0,0,0,0,1,replay_attack,1,,,,,,,,,,,,,,,,,,,,,,,,,,,,,,,,,,,,,,,,,
PA_E_1020742.wav,0,0,0,0,1,replay_attack,1,,,,,,,,,,,,,,,,,,,,,,,,,,,,,,,,,,,,,,,,,
PA_E_1022893.wav,0,0,0,0,1,replay_attack,1,,,,,,,,,,,,,,,,,,,,,,,,,,,,,,,,,,,,,,,,,
PA_E_1025195.wav,0,0,0,0,1,replay_attack,1,,,,,,,,,,,,,,,,,,,,,,,,,,,,,,,,,,,,,,,,,
PA_E_1025604.wav,0,0,0,0,1,replay_attack,1,,,,,,,,,,,,,,,,,,,,,,,,,,,,,,,,,,,,,,,,,
PA_E_1027673.wav,0,0,0,0,1,replay_attack,1,,,,,,,,,,,,,,,,,,,,,,,,,,,,,,,,,,,,,,,,,
PA_E_1027773.wav,0,0,0,0,1,replay_attack,1,,,,,,,,,,,,,,,,,,,,,,,,,,,,,,,,,,,,,,,,,
PA_E_1034270.wav,0,0,1,0,1,replay_attack,1,,,,,,,,,,,,,,,,,,,,,,,,,,,,,,,,,,,,,,,,,
PA_E_1036917.wav,0,0,0,0,1,replay_attack,1,,,,,,,,,,,,,,,,,,,,,,,,,,,,,,,,,,,,,,,,,
PA_E_1043651.wav,0,0,0,1,0,replay_attack,1,,,,,,,,,,,,,,,,,,,,,,,,,,,,,,,,,,,,,,,,,
PA_E_1046500.wav,0,0,0,0,1,replay_attack,1,,,,,,,,,,,,,,,,,,,,,,,,,,,,,,,,,,,,,,,,,
PA_E_1046801.wav,0,0,0,0,1,replay_attack,1,,,,,,,,,,,,,,,,,,,,,,,,,,,,,,,,,,,,,,,,,
PA_E_1046849.wav,0,0,0,1,1,replay_attack,1,,,,,,,,,,,,,,,,,,,,,,,,,,,,,,,,,,,,,,,,,
PA_E_1047566.wav,0,0,0,0,1,replay_attack,1,,,,,,,,,,,,,,,,,,,,,,,,,,,,,,,,,,,,,,,,,
PA_E_1048300.wav,0,0,0,0,1,replay_attack,1,,,,,,,,,,,,,,,,,,,,,,,,,,,,,,,,,,,,,,,,,
PA_E_1049083.wav,0,0,0,0,0,replay_attack,1,,,,,,,,,,,,,,,,,,,,,,,,,,,,,,,,,,,,,,,,,
PA_E_1039992.wav,0,0,0,0,0,replay_attack,1,,,,,,,,,,,,,,,,,,,,,,,,,,,,,,,,,,,,,,,,,
PA_E_1039339.wav,0,0,0,1,0,replay_attack,1,,,,,,,,,,,,,,,,,,,,,,,,,,,,,,,,,,,,,,,,,
PA_E_1037655.wav,0,1,0,1,0,replay_attack,1,,,,,,,,,,,,,,,,,,,,,,,,,,,,,,,,,,,,,,,,,
PA_E_1037633.wav,0,0,0,0,1,replay_attack,1,,,,,,,,,,,,,,,,,,,,,,,,,,,,,,,,,,,,,,,,,
PA_E_1036991.wav,0,0,0,0,0,replay_attack,1,,,,,,,,,,,,,,,,,,,,,,,,,,,,,,,,,,,,,,,,,
PA_E_1721202.wav,1,1,0,0,0,replay_attack,1,,,,,,,,,,,,,,,,,,,,,,,,,,,,,,,,,,,,,,,,,
PA_E_1031855.wav,0,0,0,0,1,replay_attack,1,,,,,,,,,,,,,,,,,,,,,,,,,,,,,,,,,,,,,,,,,
PA_E_1721502.wav,0,0,0,0,0,replay_attack,1,,,,,,,,,,,,,,,,,,,,,,,,,,,,,,,,,,,,,,,,,
PA_E_1025177.wav,0,0,0,0,1,replay_attack,1,,,,,,,,,,,,,,,,,,,,,,,,,,,,,,,,,,,,,,,,,
PA_E_1024854.wav,0,1,0,0,1,replay_attack,1,,,,,,,,,,,,,,,,,,,,,,,,,,,,,,,,,,,,,,,,,
PA_E_1024796.wav,0,1,0,0,1,replay_attack,1,,,,,,,,,,,,,,,,,,,,,,,,,,,,,,,,,,,,,,,,,
PA_E_1020140.wav,0,0,0,0,1,replay_attack,1,,,,,,,,,,,,,,,,,,,,,,,,,,,,,,,,,,,,,,,,,
PA_E_1020113.wav,0,1,0,0,1,replay_attack,1,,,,,,,,,,,,,,,,,,,,,,,,,,,,,,,,,,,,,,,,,
PA_E_1019595.wav,0,0,0,0,1,replay_attack,1,,,,,,,,,,,,,,,,,,,,,,,,,,,,,,,,,,,,,,,,,
PA_E_1019401.wav,0,0,0,0,1,replay_attack,1,,,,,,,,,,,,,,,,,,,,,,,,,,,,,,,,,,,,,,,,,
PA_E_1018196.wav,0,0,0,1,1,replay_attack,1,,,,,,,,,,,,,,,,,,,,,,,,,,,,,,,,,,,,,,,,,
PA_E_1016321.wav,0,1,0,0,1,replay_attack,1,,,,,,,,,,,,,,,,,,,,,,,,,,,,,,,,,,,,,,,,,
PA_E_1016144.wav,0,0,0,0,1,replay_attack,1,,,,,,,,,,,,,,,,,,,,,,,,,,,,,,,,,,,,,,,,,
PA_E_1014573.wav,0,0,0,0,1,replay_attack,1,,,,,,,,,,,,,,,,,,,,,,,,,,,,,,,,,,,,,,,,,
PA_E_1014305.wav,0,0,0,0,1,replay_attack,1,,,,,,,,,,,,,,,,,,,,,,,,,,,,,,,,,,,,,,,,,
PA_E_1013429.wav,0,1,0,0,1,replay_attack,1,,,,,,,,,,,,,,,,,,,,,,,,,,,,,,,,,,,,,,,,,
PA_E_1011563.wav,0,0,0,0,1,replay_attack,1,,,,,,,,,,,,,,,,,,,,,,,,,,,,,,,,,,,,,,,,,
PA_E_1011401.wav,0,0,0,0,1,replay_attack,1,,,,,,,,,,,,,,,,,,,,,,,,,,,,,,,,,,,,,,,,,
PA_E_1009952.wav,0,1,0,0,1,replay_attack,1,,,,,,,,,,,,,,,,,,,,,,,,,,,,,,,,,,,,,,,,,
PA_E_1007284.wav,0,0,0,0,1,replay_attack,1,,,,,,,,,,,,,,,,,,,,,,,,,,,,,,,,,,,,,,,,,
PA_E_1006876.wav,0,0,0,0,1,replay_attack,1,,,,,,,,,,,,,,,,,,,,,,,,,,,,,,,,,,,,,,,,,
PA_E_1004226.wav,0,0,0,0,0,replay_attack,1,,,,,,,,,,,,,,,,,,,,,,,,,,,,,,,,,,,,,,,,,
PA_E_1004219.wav,0,0,0,0,0,replay_attack,1,,,,,,,,,,,,,,,,,,,,,,,,,,,,,,,,,,,,,,,,,
PA_E_1003848.wav,0,0,0,0,1,replay_attack,1,,,,,,,,,,,,,,,,,,,,,,,,,,,,,,,,,,,,,,,,,
PA_E_1003732.wav,0,1,0,0,1,replay_attack,1,,,,,,,,,,,,,,,,,,,,,,,,,,,,,,,,,,,,,,,,,
ObamaF1.wav,1,1,0,0,0,mimicry,1,,,,,,,,,,,,,,,,,,,,,,,,,,,,,,,,,,,,,,,,,
ObamaF2.wav,1,0,0,0,1,mimicry,1,,,,,,,,,,,,,,,,,,,,,,,,,,,,,,,,,,,,,,,,,
ObamaF3.wav,1,1,0,0,1,mimicry,1,,,,,,,,,,,,,,,,,,,,,,,,,,,,,,,,,,,,,,,,,
ObamaF5.wav,1,0,1,0,1,mimicry,1,,,,,,,,,,,,,,,,,,,,,,,,,,,,,,,,,,,,,,,,,
ObamaF6.wav,0,0,0,0,1,mimicry,1,,,,,,,,,,,,,,,,,,,,,,,,,,,,,,,,,,,,,,,,,
ObamaF7.wav,1,0,0,0,1,mimicry,1,,,,,,,,,,,,,,,,,,,,,,,,,,,,,,,,,,,,,,,,,
ObamaF8.wav,1,0,0,0,0,mimicry,1,,,,,,,,,,,,,,,,,,,,,,,,,,,,,,,,,,,,,,,,,
ObamaF9.wav,1,0,0,0,1,mimicry,1,,,,,,,,,,,,,,,,,,,,,,,,,,,,,,,,,,,,,,,,,
ObamaF10.wav,0,0,0,0,1,mimicry,1,,,,,,,,,,,,,,,,,,,,,,,,,,,,,,,,,,,,,,,,,
ObamaF11 (1).wav,0,1,1,0,1,mimicry,1,,,,,,,,,,,,,,,,,,,,,,,,,,,,,,,,,,,,,,,,,
ObamaF12.wav,1,0,0,1,0,mimicry,1,,,,,,,,,,,,,,,,,,,,,,,,,,,,,,,,,,,,,,,,,
ObamaF14.wav,1,0,1,0,0,mimicry,1,,,,,,,,,,,,,,,,,,,,,,,,,,,,,,,,,,,,,,,,,
ObamaF15.wav,1,0,0,0,0,mimicry,1,,,,,,,,,,,,,,,,,,,,,,,,,,,,,,,,,,,,,,,,,
ObamaF16.wav,1,1,0,0,0,mimicry,1,,,,,,,,,,,,,,,,,,,,,,,,,,,,,,,,,,,,,,,,,
ObamaF17.wav,1,1,1,0,0,mimicry,1,,,,,,,,,,,,,,,,,,,,,,,,,,,,,,,,,,,,,,,,,
ObamaF18.wav,1,0,0,0,0,mimicry,1,,,,,,,,,,,,,,,,,,,,,,,,,,,,,,,,,,,,,,,,,
ObamaF19.wav,1,0,0,0,0,mimicry,1,,,,,,,,,,,,,,,,,,,,,,,,,,,,,,,,,,,,,,,,,
ObamaF20.wav,1,1,0,0,0,mimicry,1,,,,,,,,,,,,,,,,,,,,,,,,,,,,,,,,,,,,,,,,,
ObamaF21.wav,1,0,1,0,1,mimicry,1,,,,,,,,,,,,,,,,,,,,,,,,,,,,,,,,,,,,,,,,,
ObamaF22.wav,0,0,0,0,1,mimicry,1,,,,,,,,,,,,,,,,,,,,,,,,,,,,,,,,,,,,,,,,,
ObamaF23.wav,1,0,0,0,1,mimicry,1,,,,,,,,,,,,,,,,,,,,,,,,,,,,,,,,,,,,,,,,,
ObamaF24.wav,0,0,1,0,1,mimicry,1,,,,,,,,,,,,,,,,,,,,,,,,,,,,,,,,,,,,,,,,,
ObamaF25.wav,1,0,0,0,1,mimicry,1,,,,,,,,,,,,,,,,,,,,,,,,,,,,,,,,,,,,,,,,,
ObamaF26.wav,0,0,0,0,1,mimicry,1,,,,,,,,,,,,,,,,,,,,,,,,,,,,,,,,,,,,,,,,,
ObamaF27.wav,0,0,0,0,0,mimicry,1,,,,,,,,,,,,,,,,,,,,,,,,,,,,,,,,,,,,,,,,,
ObamaF28.wav,0,0,0,0,1,mimicry,1,,,,,,,,,,,,,,,,,,,,,,,,,,,,,,,,,,,,,,,,,
ObamaF29.wav,1,0,0,0,1,mimicry,1,,,,,,,,,,,,,,,,,,,,,,,,,,,,,,,,,,,,,,,,,
ObamaR1.wav,0,0,0,0,0,genuine,0,,,,,,,,,,,,,,,,,,,,,,,,,,,,,,,,,,,,,,,,,
ObamaR2.wav,0,0,0,1,0,genuine,0,,,,,,,,,,,,,,,,,,,,,,,,,,,,,,,,,,,,,,,,,
ObamaR3.wav,0,1,0,1,0,genuine,0,,,,,,,,,,,,,,,,,,,,,,,,,,,,,,,,,,,,,,,,,
ObamaR4.wav,0,0,0,1,0,genuine,0,,,,,,,,,,,,,,,,,,,,,,,,,,,,,,,,,,,,,,,,,
ObamaR5.wav,0,0,0,1,0,genuine,0,,,,,,,,,,,,,,,,,,,,,,,,,,,,,,,,,,,,,,,,,
ObamaR6.wav,0,0,0,1,0,genuine,0,,,,,,,,,,,,,,,,,,,,,,,,,,,,,,,,,,,,,,,,,
ObamaR8.wav,0,0,0,0,0,genuine,0,,,,,,,,,,,,,,,,,,,,,,,,,,,,,,,,,,,,,,,,,
ObamaR9.wav,0,0,0,1,0,genuine,0,,,,,,,,,,,,,,,,,,,,,,,,,,,,,,,,,,,,,,,,,
ObamaR10.wav,0,0,0,1,0,genuine,0,,,,,,,,,,,,,,,,,,,,,,,,,,,,,,,,,,,,,,,,,
ObamaR11.wav,0,0,0,1,0,genuine,0,,,,,,,,,,,,,,,,,,,,,,,,,,,,,,,,,,,,,,,,,
ObamaR12.wav,0,0,0,0,0,genuine,0,,,,,,,,,,,,,,,,,,,,,,,,,,,,,,,,,,,,,,,,,
ObamaR13.wav,0,0,0,0,0,genuine,0,,,,,,,,,,,,,,,,,,,,,,,,,,,,,,,,,,,,,,,,,
ObamaR14.wav,0,1,0,0,0,genuine,0,,,,,,,,,,,,,,,,,,,,,,,,,,,,,,,,,,,,,,,,,
ObamaR15.wav,0,1,0,0,0,genuine,0,,,,,,,,,,,,,,,,,,,,,,,,,,,,,,,,,,,,,,,,,
ObamaR16.wav,1,0,0,0,0,genuine,0,,,,,,,,,,,,,,,,,,,,,,,,,,,,,,,,,,,,,,,,,
ObamaR17.wav,0,1,0,0,0,genuine,0,,,,,,,,,,,,,,,,,,,,,,,,,,,,,,,,,,,,,,,,,
ObamaR18.wav,0,0,0,1,0,genuine,0,,,,,,,,,,,,,,,,,,,,,,,,,,,,,,,,,,,,,,,,,
ObamaR19.wav,1,0,0,1,0,genuine,0,,,,,,,,,,,,,,,,,,,,,,,,,,,,,,,,,,,,,,,,,
ObamaR20.wav,0,1,0,1,0,genuine,0,,,,,,,,,,,,,,,,,,,,,,,,,,,,,,,,,,,,,,,,,
KamalaF1.wav,0,0,0,0,0,mimicry,1,,,,,,,,,,,,,,,,,,,,,,,,,,,,,,,,,,,,,,,,,
KamalaF2.wav,0,0,0,0,0,mimicry,1,,,,,,,,,,,,,,,,,,,,,,,,,,,,,,,,,,,,,,,,,
KamalaF3.wav,1,0,0,0,1,mimicry,1,,,,,,,,,,,,,,,,,,,,,,,,,,,,,,,,,,,,,,,,,
KamalaF5.wav,1,1,0,0,0,mimicry,1,,,,,,,,,,,,,,,,,,,,,,,,,,,,,,,,,,,,,,,,,
KamalaF6.wav,1,1,0,0,1,mimicry,1,,,,,,,,,,,,,,,,,,,,,,,,,,,,,,,,,,,,,,,,,
KamalaF7.wav,1,1,0,0,1,mimicry,1,,,,,,,,,,,,,,,,,,,,,,,,,,,,,,,,,,,,,,,,,
KamalaF8.wav,0,0,0,0,0,mimicry,1,,,,,,,,,,,,,,,,,,,,,,,,,,,,,,,,,,,,,,,,,
KamalaF9.wav,0,1,0,0,1,mimicry,1,,,,,,,,,,,,,,,,,,,,,,,,,,,,,,,,,,,,,,,,,
KamalaF10.wav,1,1,0,0,0,mimicry,1,,,,,,,,,,,,,,,,,,,,,,,,,,,,,,,,,,,,,,,,,
KamalaF11.wav,,,,,,mimicry,1,,,,,,,,,,,,,,,,,,,,,,,,,,,,,,,,,,,,,,,,,
KamalaF12.wav,1,0,0,0,0,mimicry,1,,,,,,,,,,,,,,,,,,,,,,,,,,,,,,,,,,,,,,,,,
KamalaF13.wav,1,1,0,0,1,mimicry,1,,,,,,,,,,,,,,,,,,,,,,,,,,,,,,,,,,,,,,,,,
KamalaF14.wav,0,0,0,0,0,mimicry,1,,,,,,,,,,,,,,,,,,,,,,,,,,,,,,,,,,,,,,,,,
KamalaF15.wav,1,0,0,0,1,mimicry,1,,,,,,,,,,,,,,,,,,,,,,,,,,,,,,,,,,,,,,,,,
KamalaF16.wav,1,1,0,0,0,mimicry,1,,,,,,,,,,,,,,,,,,,,,,,,,,,,,,,,,,,,,,,,,
KamalaF17.wav,1,1,0,0,0,mimicry,1,,,,,,,,,,,,,,,,,,,,,,,,,,,,,,,,,,,,,,,,,
KamalaF18.wav,0,0,0,0,1,mimicry,1,,,,,,,,,,,,,,,,,,,,,,,,,,,,,,,,,,,,,,,,,
KamalaF19.wav,0,0,0,0,1,mimicry,1,,,,,,,,,,,,,,,,,,,,,,,,,,,,,,,,,,,,,,,,,
KamalaF20.wav,1,0,0,0,1,mimicry,1,,,,,,,,,,,,,,,,,,,,,,,,,,,,,,,,,,,,,,,,,
KamalaF22.wav,1,1,0,0,1,mimicry,1,,,,,,,,,,,,,,,,,,,,,,,,,,,,,,,,,,,,,,,,,
KamalaF23.wav,0,0,0,0,1,mimicry,1,,,,,,,,,,,,,,,,,,,,,,,,,,,,,,,,,,,,,,,,,
KamalaF24.wav,1,1,0,0,1,mimicry,1,,,,,,,,,,,,,,,,,,,,,,,,,,,,,,,,,,,,,,,,,
KamalaF25.wav,1,0,0,0,1,mimicry,1,,,,,,,,,,,,,,,,,,,,,,,,,,,,,,,,,,,,,,,,,
Kamala26.wav,0,1,0,0,0,mimicry,1,,,,,,,,,,,,,,,,,,,,,,,,,,,,,,,,,,,,,,,,,
Kamala27.wav,1,1,1,0,0,mimicry,1,,,,,,,,,,,,,,,,,,,,,,,,,,,,,,,,,,,,,,,,,
Kamala28.wav,0,0,0,0,0,mimicry,1,,,,,,,,,,,,,,,,,,,,,,,,,,,,,,,,,,,,,,,,,
KamalaF29.wav,1,0,0,0,0,mimicry,1,,,,,,,,,,,,,,,,,,,,,,,,,,,,,,,,,,,,,,,,,
KamalaF30.wav,1,0,0,1,1,mimicry,1,,,,,,,,,,,,,,,,,,,,,,,,,,,,,,,,,,,,,,,,,
KamalaR1.wav,1,0,0,0,0,genuine,0,,,,,,,,,,,,,,,,,,,,,,,,,,,,,,,,,,,,,,,,,
KamalaR2.wav,0,0,0,0,0,genuine,0,,,,,,,,,,,,,,,,,,,,,,,,,,,,,,,,,,,,,,,,,
KamalaR3.wav,0,0,0,0,0,genuine,0,,,,,,,,,,,,,,,,,,,,,,,,,,,,,,,,,,,,,,,,,
KamalaR4.wav,0,0,0,0,0,genuine,0,,,,,,,,,,,,,,,,,,,,,,,,,,,,,,,,,,,,,,,,,
KamalaR5.wav,0,0,0,0,0,genuine,0,,,,,,,,,,,,,,,,,,,,,,,,,,,,,,,,,,,,,,,,,
KamalaR6.wav,0,0,0,0,0,genuine,0,,,,,,,,,,,,,,,,,,,,,,,,,,,,,,,,,,,,,,,,,
KamalaR7.wav,0,0,0,0,0,genuine,0,,,,,,,,,,,,,,,,,,,,,,,,,,,,,,,,,,,,,,,,,
KamalaR8.wav,1,1,0,0,0,genuine,0,,,,,,,,,,,,,,,,,,,,,,,,,,,,,,,,,,,,,,,,,
KamalaR9.wav,1,1,0,0,0,genuine,0,,,,,,,,,,,,,,,,,,,,,,,,,,,,,,,,,,,,,,,,,
KamalaR10.wav,1,0,0,0,0,genuine,0,,,,,,,,,,,,,,,,,,,,,,,,,,,,,,,,,,,,,,,,,
KamalaR11.wav,1,0,0,0,0,genuine,0,,,,,,,,,,,,,,,,,,,,,,,,,,,,,,,,,,,,,,,,,
KamalaR12.wav,0,0,0,0,0,genuine,0,,,,,,,,,,,,,,,,,,,,,,,,,,,,,,,,,,,,,,,,,
KamalaR13.wav,1,1,0,0,0,genuine,0,,,,,,,,,,,,,,,,,,,,,,,,,,,,,,,,,,,,,,,,,
KamalaR14.wav,1,0,0,0,0,genuine,0,,,,,,,,,,,,,,,,,,,,,,,,,,,,,,,,,,,,,,,,,
KamalaR15.wav,1,1,0,0,0,genuine,0,,,,,,,,,,,,,,,,,,,,,,,,,,,,,,,,,,,,,,,,,
KamalaR16.wav,1,0,1,0,0,genuine,0,,,,,,,,,,,,,,,,,,,,,,,,,,,,,,,,,,,,,,,,,
KamalaR18.wav,0,0,0,0,0,genuine,0,,,,,,,,,,,,,,,,,,,,,,,,,,,,,,,,,,,,,,,,,
KamalaR19.wav,0,0,0,0,0,genuine,0,,,,,,,,,,,,,,,,,,,,,,,,,,,,,,,,,,,,,,,,,
KamalaR20.wav,1,0,0,0,0,genuine,0,,,,,,,,,,,,,,,,,,,,,,,,,,,,,,,,,,,,,,,,,
obama 1.wav,0,0,0,1,0,genuine,0,,,,,,,,,,,,,,,,,,,,,,,,,,,,,,,,,,,,,,,,,
obama 2.wav,0,0,0,0,0,genuine,0,,,,,,,,,,,,,,,,,,,,,,,,,,,,,,,,,,,,,,,,,
E_1009553.wav,0,0,0,0,0,genuine,0,,,,,,,,,,,,,,,,,,,,,,,,,,,,,,,,,,,,,,,,,
E_1006166.wav,0,0,0,1,0,genuine,0,,,,,,,,,,,,,,,,,,,,,,,,,,,,,,,,,,,,,,,,,
E_1008073.wav,0,0,0,0,0,genuine,0,,,,,,,,,,,,,,,,,,,,,,,,,,,,,,,,,,,,,,,,,
E_1000714.wav,0,0,0,0,0,genuine,0,,,,,,,,,,,,,,,,,,,,,,,,,,,,,,,,,,,,,,,,,
LJ002-0325.wav,1,0,1,0,1,genuine,0,,,,,,,,,,,,,,,,,,,,,,,,,,,,,,,,,,,,,,,,,
"LJ002-0326.wav""",0,0,0,0,0,genuine,0,,,,,,,,,,,,,,,,,,,,,,,,,,,,,,,,,,,,,,,,,
Asvsgenuine13.wav,0,0,0,1,0,genuine,0,,,,,,,,,,,,,,,,,,,,,,,,,,,,,,,,,,,,,,,,,
file929.wav,0,0,0,0,0,genuine,0,,,,,,,,,,,,,,,,,,,,,,,,,,,,,,,,,,,,,,,,,
E_1000112.wav,1,1,1,0,1,replay_attack,1,,,,,,,,,,,,,,,,,,,,,,,,,,,,,,,,,,,,,,,,,
E_1000122.wav,1,0,0,0,1,replay_attack,1,,,,,,,,,,,,,,,,,,,,,,,,,,,,,,,,,,,,,,,,,
E_1000589.wav,1,1,0,0,1,replay_attack,1,,,,,,,,,,,,,,,,,,,,,,,,,,,,,,,,,,,,,,,,,
E_1000612.wav,1,1,0,0,1,replay_attack,1,,,,,,,,,,,,,,,,,,,,,,,,,,,,,,,,,,,,,,,,,
E_1001053.wav,1,1,0,0,1,replay_attack,1,,,,,,,,,,,,,,,,,,,,,,,,,,,,,,,,,,,,,,,,,
E_1000047.wav,1,0,0,0,1,replay_attack,1,,,,,,,,,,,,,,,,,,,,,,,,,,,,,,,,,,,,,,,,,
obama fake 29.wav,0,0,0,0,1,tts,1,,,,,,,,,,,,,,,,,,,,,,,,,,,,,,,,,,,,,,,,,
obama 3.wav,0,0,0,0,0,genuine,0,,,,,,,,,,,,,,,,,,,,,,,,,,,,,,,,,,,,,,,,,
obama 4.wav,0,0,0,0,0,genuine,0,,,,,,,,,,,,,,,,,,,,,,,,,,,,,,,,,,,,,,,,,
obama 5.wav,0,0,0,0,0,genuine,0,,,,,,,,,,,,,,,,,,,,,,,,,,,,,,,,,,,,,,,,,
obama 6.wav,0,0,0,1,0,genuine,0,,,,,,,,,,,,,,,,,,,,,,,,,,,,,,,,,,,,,,,,,
obama 7.wav,0,0,0,0,0,genuine,0,,,,,,,,,,,,,,,,,,,,,,,,,,,,,,,,,,,,,,,,,
obama 8.wav,0,0,0,1,0,genuine,0,,,,,,,,,,,,,,,,,,,,,,,,,,,,,,,,,,,,,,,,,
obama 9.wav,0,0,0,0,0,genuine,0,,,,,,,,,,,,,,,,,,,,,,,,,,,,,,,,,,,,,,,,,
obama 10.wav,0,0,0,1,0,genuine,0,,,,,,,,,,,,,,,,,,,,,,,,,,,,,,,,,,,,,,,,,
obama 11.wav,0,0,0,0,0,genuine,0,,,,,,,,,,,,,,,,,,,,,,,,,,,,,,,,,,,,,,,,,
obama 12.wav,0,0,0,1,0,genuine,0,,,,,,,,,,,,,,,,,,,,,,,,,,,,,,,,,,,,,,,,,
obama 13.wav,0,0,0,0,0,genuine,0,,,,,,,,,,,,,,,,,,,,,,,,,,,,,,,,,,,,,,,,,
obama 14.wav,0,0,0,1,0,genuine,0,,,,,,,,,,,,,,,,,,,,,,,,,,,,,,,,,,,,,,,,,
obama 15.wav,0,0,0,1,0,genuine,0,,,,,,,,,,,,,,,,,,,,,,,,,,,,,,,,,,,,,,,,,
obama 16.wav,0,0,0,1,0,genuine,0,,,,,,,,,,,,,,,,,,,,,,,,,,,,,,,,,,,,,,,,,
obama 17.wav,0,0,0,1,0,genuine,0,,,,,,,,,,,,,,,,,,,,,,,,,,,,,,,,,,,,,,,,,
obama 18.wav,0,0,0,0,0,genuine,0,,,,,,,,,,,,,,,,,,,,,,,,,,,,,,,,,,,,,,,,,
obama 19.wav,0,0,0,0,0,genuine,0,,,,,,,,,,,,,,,,,,,,,,,,,,,,,,,,,,,,,,,,,
obama 20.wav,0,0,0,0,0,genuine,0,,,,,,,,,,,,,,,,,,,,,,,,,,,,,,,,,,,,,,,,,
obama 21.wav,0,0,0,0,0,genuine,0,,,,,,,,,,,,,,,,,,,,,,,,,,,,,,,,,,,,,,,,,
obama 22.wav,0,0,0,0,0,genuine,0,,,,,,,,,,,,,,,,,,,,,,,,,,,,,,,,,,,,,,,,,
obama 23.wav,0,0,0,1,0,genuine,0,,,,,,,,,,,,,,,,,,,,,,,,,,,,,,,,,,,,,,,,,
obama 24.wav,0,0,0,0,0,genuine,0,,,,,,,,,,,,,,,,,,,,,,,,,,,,,,,,,,,,,,,,,
obama 25.wav,0,0,0,0,0,genuine,0,,,,,,,,,,,,,,,,,,,,,,,,,,,,,,,,,,,,,,,,,
obama 26.wav,0,0,0,0,0,genuine,0,,,,,,,,,,,,,,,,,,,,,,,,,,,,,,,,,,,,,,,,,
obama 27.wav,0,0,0,0,0,genuine,0,,,,,,,,,,,,,,,,,,,,,,,,,,,,,,,,,,,,,,,,,
obama 28.wav,0,0,0,0,0,genuine,0,,,,,,,,,,,,,,,,,,,,,,,,,,,,,,,,,,,,,,,,,
E_1008781.wav,0,0,0,1,0,genuine,0,,,,,,,,,,,,,,,,,,,,,,,,,,,,,,,,,,,,,,,,,
E_1000865.wav,0,1,0,1,0,genuine,0,,,,,,,,,,,,,,,,,,,,,,,,,,,,,,,,,,,,,,,,,
E_1004517.wav,0,0,0,0,0,genuine,0,,,,,,,,,,,,,,,,,,,,,,,,,,,,,,,,,,,,,,,,,
E_1003350.wav,0,0,0,1,0,genuine,0,,,,,,,,,,,,,,,,,,,,,,,,,,,,,,,,,,,,,,,,,
E_1002136.wav,0,0,0,1,0,genuine,0,,,,,,,,,,,,,,,,,,,,,,,,,,,,,,,,,,,,,,,,,
E_1002114.wav,0,0,0,0,0,genuine,0,,,,,,,,,,,,,,,,,,,,,,,,,,,,,,,,,,,,,,,,,
E_1009233.wav,0,0,0,0,0,genuine,0,,,,,,,,,,,,,,,,,,,,,,,,,,,,,,,,,,,,,,,,,
E_1008322.wav,0,1,0,0,0,genuine,0,,,,,,,,,,,,,,,,,,,,,,,,,,,,,,,,,,,,,,,,,
E_1000808.wav,1,0,0,0,0,genuine,0,,,,,,,,,,,,,,,,,,,,,,,,,,,,,,,,,,,,,,,,,
E_1006077.wav,0,0,0,0,0,genuine,0,,,,,,,,,,,,,,,,,,,,,,,,,,,,,,,,,,,,,,,,,
E_1000279.wav,0,0,0,0,0,genuine,0,,,,,,,,,,,,,,,,,,,,,,,,,,,,,,,,,,,,,,,,,
E_1001267.wav,0,0,0,0,0,genuine,0,,,,,,,,,,,,,,,,,,,,,,,,,,,,,,,,,,,,,,,,,
E_1013422.wav,0,0,0,1,0,genuine,0,,,,,,,,,,,,,,,,,,,,,,,,,,,,,,,,,,,,,,,,,
E_1007721.wav,0,0,0,0,0,genuine,0,,,,,,,,,,,,,,,,,,,,,,,,,,,,,,,,,,,,,,,,,
E_1011229.wav,0,0,0,0,0,genuine,0,,,,,,,,,,,,,,,,,,,,,,,,,,,,,,,,,,,,,,,,,
E_1008887.wav,0,0,0,1,0,genuine,0,,,,,,,,,,,,,,,,,,,,,,,,,,,,,,,,,,,,,,,,,
E_1005653.wav,0,1,0,1,0,genuine,0,,,,,,,,,,,,,,,,,,,,,,,,,,,,,,,,,,,,,,,,,
E_1008261.wav,0,0,0,0,0,genuine,0,,,,,,,,,,,,,,,,,,,,,,,,,,,,,,,,,,,,,,,,,
E_1007289.wav,0,0,0,0,0,genuine,0,,,,,,,,,,,,,,,,,,,,,,,,,,,,,,,,,,,,,,,,,
E_1014174.wav,0,0,0,1,0,genuine,0,,,,,,,,,,,,,,,,,,,,,,,,,,,,,,,,,,,,,,,,,
E_1012047.wav,0,0,0,1,0,genuine,0,,,,,,,,,,,,,,,,,,,,,,,,,,,,,,,,,,,,,,,,,
E_1012672.wav,0,0,0,0,0,genuine,0,,,,,,,,,,,,,,,,,,,,,,,,,,,,,,,,,,,,,,,,,
E_1008694.wav,0,0,1,1,0,genuine,0,,,,,,,,,,,,,,,,,,,,,,,,,,,,,,,,,,,,,,,,,
E_1002978.wav,0,0,0,0,0,genuine,0,,,,,,,,,,,,,,,,,,,,,,,,,,,,,,,,,,,,,,,,,
E_1011338.wav,0,0,0,1,0,genuine,0,,,,,,,,,,,,,,,,,,,,,,,,,,,,,,,,,,,,,,,,,
E_1013984.wav,0,0,0,0,0,genuine,0,,,,,,,,,,,,,,,,,,,,,,,,,,,,,,,,,,,,,,,,,
E_1012707.wav,0,0,0,0,0,genuine,0,,,,,,,,,,,,,,,,,,,,,,,,,,,,,,,,,,,,,,,,,
E_1011996.wav,0,0,1,1,0,genuine,0,,,,,,,,,,,,,,,,,,,,,,,,,,,,,,,,,,,,,,,,,
E_1010964.wav,1,0,0,0,0,genuine,0,,,,,,,,,,,,,,,,,,,,,,,,,,,,,,,,,,,,,,,,,
LJ003-0296.wav,0,0,0,0,0,genuine,0,,,,,,,,,,,,,,,,,,,,,,,,,,,,,,,,,,,,,,,,,
LJ003-0297.wav,0,0,0,0,0,genuine,0,,,,,,,,,,,,,,,,,,,,,,,,,,,,,,,,,,,,,,,,,
LJ003-0298.wav,1,0,0,0,0,genuine,0,,,,,,,,,,,,,,,,,,,,,,,,,,,,,,,,,,,,,,,,,
LJ003-0299.wav,1,0,0,0,0,genuine,0,,,,,,,,,,,,,,,,,,,,,,,,,,,,,,,,,,,,,,,,,
LJ003-0300.wav,0,0,1,0,0,genuine,0,,,,,,,,,,,,,,,,,,,,,,,,,,,,,,,,,,,,,,,,,
LJ003-0301.wav,1,0,1,0,0,genuine,0,,,,,,,,,,,,,,,,,,,,,,,,,,,,,,,,,,,,,,,,,
LJ003-0302.wav,0,0,1,0,0,genuine,0,,,,,,,,,,,,,,,,,,,,,,,,,,,,,,,,,,,,,,,,,
"LJ002-0327.wav""",0,0,1,0,0,genuine,0,,,,,,,,,,,,,,,,,,,,,,,,,,,,,,,,,,,,,,,,,
LJ002-0328.wav,0,0,1,0,0,genuine,0,,,,,,,,,,,,,,,,,,,,,,,,,,,,,,,,,,,,,,,,,
LJ002-0329.wav,1,0,1,0,0,genuine,0,,,,,,,,,,,,,,,,,,,,,,,,,,,,,,,,,,,,,,,,,
"LJ002-0330.wav""",0,0,0,0,0,genuine,0,,,,,,,,,,,,,,,,,,,,,,,,,,,,,,,,,,,,,,,,,
"LJ002-0321.wav""",0,0,1,0,0,genuine,0,,,,,,,,,,,,,,,,,,,,,,,,,,,,,,,,,,,,,,,,,
LJ002-0322.wav,1,0,0,0,0,genuine,0,,,,,,,,,,,,,,,,,,,,,,,,,,,,,,,,,,,,,,,,,
LJ002-0323.wav,1,0,0,0,0,genuine,0,,,,,,,,,,,,,,,,,,,,,,,,,,,,,,,,,,,,,,,,,
LJ002-0324.wav,0,0,1,0,0,genuine,0,,,,,,,,,,,,,,,,,,,,,,,,,,,,,,,,,,,,,,,,,
LJ002-0325.wav,0,0,1,0,0,genuine,0,,,,,,,,,,,,,,,,,,,,,,,,,,,,,,,,,,,,,,,,,
LJ002-0326.wav,0,0,1,0,0,genuine,0,,,,,,,,,,,,,,,,,,,,,,,,,,,,,,,,,,,,,,,,,
"LJ002-0327.wav""",0,0,1,0,0,genuine,0,,,,,,,,,,,,,,,,,,,,,,,,,,,,,,,,,,,,,,,,,
Asvsgenuine3.wav,0,0,0,0,0,genuine,0,,,,,,,,,,,,,,,,,,,,,,,,,,,,,,,,,,,,,,,,,
Asvsgenuine4.wav,0,0,0,1,0,genuine,0,,,,,,,,,,,,,,,,,,,,,,,,,,,,,,,,,,,,,,,,,
Asvsgenuine5.wav,0,0,0,1,0,genuine,0,,,,,,,,,,,,,,,,,,,,,,,,,,,,,,,,,,,,,,,,,
Asvsgenuine6.wav,0,1,0,1,0,genuine,0,,,,,,,,,,,,,,,,,,,,,,,,,,,,,,,,,,,,,,,,,
Asvsgenuine7.wav,0,0,0,1,0,genuine,0,,,,,,,,,,,,,,,,,,,,,,,,,,,,,,,,,,,,,,,,,
Asvsgenuine8.wav,0,0,0,0,0,genuine,0,,,,,,,,,,,,,,,,,,,,,,,,,,,,,,,,,,,,,,,,,
Asvsgenuine9.wav,1,0,0,0,0,genuine,0,,,,,,,,,,,,,,,,,,,,,,,,,,,,,,,,,,,,,,,,,
Asvsgenuine10.wav,1,0,0,0,0,genuine,0,,,,,,,,,,,,,,,,,,,,,,,,,,,,,,,,,,,,,,,,,
Asvsgenuine11.wav,0,0,0,0,0,genuine,0,,,,,,,,,,,,,,,,,,,,,,,,,,,,,,,,,,,,,,,,,
Asvsgenuine12.wav,0,0,1,0,0,genuine,0,,,,,,,,,,,,,,,,,,,,,,,,,,,,,,,,,,,,,,,,,
file925.wav,0,1,0,0,0,genuine,0,,,,,,,,,,,,,,,,,,,,,,,,,,,,,,,,,,,,,,,,,
file922.wav,0,0,0,0,0,genuine,0,,,,,,,,,,,,,,,,,,,,,,,,,,,,,,,,,,,,,,,,,
file919.wav,0,0,0,0,0,genuine,0,,,,,,,,,,,,,,,,,,,,,,,,,,,,,,,,,,,,,,,,,
file915.wav,0,0,0,0,0,genuine,0,,,,,,,,,,,,,,,,,,,,,,,,,,,,,,,,,,,,,,,,,
file912.wav,0,0,0,0,0,genuine,0,,,,,,,,,,,,,,,,,,,,,,,,,,,,,,,,,,,,,,,,,
file909.wav,0,0,0,0,0,genuine,0,,,,,,,,,,,,,,,,,,,,,,,,,,,,,,,,,,,,,,,,,
file905.wav,0,1,0,0,0,genuine,0,,,,,,,,,,,,,,,,,,,,,,,,,,,,,,,,,,,,,,,,,
file902.wav,0,0,0,0,0,genuine,0,,,,,,,,,,,,,,,,,,,,,,,,,,,,,,,,,,,,,,,,,
file895.wav,0,0,0,0,0,genuine,0,,,,,,,,,,,,,,,,,,,,,,,,,,,,,,,,,,,,,,,,,
file892.wav,0,0,0,0,0,genuine,0,,,,,,,,,,,,,,,,,,,,,,,,,,,,,,,,,,,,,,,,,
genuine6.wav,0,0,0,1,0,genuine,0,,,,,,,,,,,,,,,,,,,,,,,,,,,,,,,,,,,,,,,,,
genuine7.wav,0,0,0,1,0,genuine,0,,,,,,,,,,,,,,,,,,,,,,,,,,,,,,,,,,,,,,,,,
genuine8.wav,0,0,0,1,0,genuine,0,,,,,,,,,,,,,,,,,,,,,,,,,,,,,,,,,,,,,,,,,
genuine9.wav,0,0,0,1,0,genuine,0,,,,,,,,,,,,,,,,,,,,,,,,,,,,,,,,,,,,,,,,,
genuine10.wav,0,0,0,1,0,genuine,0,,,,,,,,,,,,,,,,,,,,,,,,,,,,,,,,,,,,,,,,,
genuine11.wav,0,0,0,1,1,genuine,0,,,,,,,,,,,,,,,,,,,,,,,,,,,,,,,,,,,,,,,,,
genuine12.wav,0,0,0,1,0,genuine,0,,,,,,,,,,,,,,,,,,,,,,,,,,,,,,,,,,,,,,,,,
E_1007497.wav,0,0,0,0,0,genuine,0,,,,,,,,,,,,,,,,,,,,,,,,,,,,,,,,,,,,,,,,,
Assem13.wav,0,0,0,0,1,vc,1,,,,,,,,,,,,,,,,,,,,,,,,,,,,,,,,,,,,,,,,,
Assem14.wav,0,0,0,0,1,vc,1,,,,,,,,,,,,,,,,,,,,,,,,,,,,,,,,,,,,,,,,,
Assem15.wav,0,0,0,0,1,vc,1,,,,,,,,,,,,,,,,,,,,,,,,,,,,,,,,,,,,,,,,,
Assem16.wav,0,0,0,0,1,vc,1,,,,,,,,,,,,,,,,,,,,,,,,,,,,,,,,,,,,,,,,,
Assem17.wav,0,0,0,0,0,vc,1,,,,,,,,,,,,,,,,,,,,,,,,,,,,,,,,,,,,,,,,,
Assem18.wav,1,0,0,0,1,vc,1,,,,,,,,,,,,,,,,,,,,,,,,,,,,,,,,,,,,,,,,,
Assem19.wav,0,0,0,0,0,vc,1,,,,,,,,,,,,,,,,,,,,,,,,,,,,,,,,,,,,,,,,,
Assem20.wav,0,0,0,0,1,vc,1,,,,,,,,,,,,,,,,,,,,,,,,,,,,,,,,,,,,,,,,,
Assem21.wav,0,0,0,0,1,vc,1,,,,,,,,,,,,,,,,,,,,,,,,,,,,,,,,,,,,,,,,,
Assem22.wav,0,0,0,0,0,vc,1,,,,,,,,,,,,,,,,,,,,,,,,,,,,,,,,,,,,,,,,,
Assem9-1.wav,0,0,0,0,1,vc,1,,,,,,,,,,,,,,,,,,,,,,,,,,,,,,,,,,,,,,,,,
Assem9-2.wav,0,0,0,0,1,vc,1,,,,,,,,,,,,,,,,,,,,,,,,,,,,,,,,,,,,,,,,,
Assem9-3.wav,1,0,0,0,1,vc,1,,,,,,,,,,,,,,,,,,,,,,,,,,,,,,,,,,,,,,,,,
Assem9-4.wav,0,0,0,0,0,vc,1,,,,,,,,,,,,,,,,,,,,,,,,,,,,,,,,,,,,,,,,,
Assem9-5.wav,0,1,0,0,0,vc,1,,,,,,,,,,,,,,,,,,,,,,,,,,,,,,,,,,,,,,,,,
Assem9-6.wav,1,0,0,0,1,vc,1,,,,,,,,,,,,,,,,,,,,,,,,,,,,,,,,,,,,,,,,,
Assem9-7.wav,0,0,0,0,0,vc,1,,,,,,,,,,,,,,,,,,,,,,,,,,,,,,,,,,,,,,,,,
Assem9-8.wav,0,0,0,0,1,vc,1,,,,,,,,,,,,,,,,,,,,,,,,,,,,,,,,,,,,,,,,,
cotatron3.wav,0,0,0,1,0,vc,1,,,,,,,,,,,,,,,,,,,,,,,,,,,,,,,,,,,,,,,,,
cotatron4.wav,0,0,0,0,1,vc,1,,,,,,,,,,,,,,,,,,,,,,,,,,,,,,,,,,,,,,,,,
cotatron5.wav,0,0,0,1,1,vc,1,,,,,,,,,,,,,,,,,,,,,,,,,,,,,,,,,,,,,,,,,
cotatron7.wav,1,0,0,0,0,vc,1,,,,,,,,,,,,,,,,,,,,,,,,,,,,,,,,,,,,,,,,,
Mellotron4.wav,0,0,0,0,1,vc,1,,,,,,,,,,,,,,,,,,,,,,,,,,,,,,,,,,,,,,,,,
Mellotron5.wav,0,0,0,1,1,vc,1,,,,,,,,,,,,,,,,,,,,,,,,,,,,,,,,,,,,,,,,,
Mellotron6.wav,0,0,0,0,1,vc,1,,,,,,,,,,,,,,,,,,,,,,,,,,,,,,,,,,,,,,,,,
Mellotron7.wav,1,1,0,0,1,vc,1,,,,,,,,,,,,,,,,,,,,,,,,,,,,,,,,,,,,,,,,,
ppg4.wav,0,0,0,1,0,vc,1,,,,,,,,,,,,,,,,,,,,,,,,,,,,,,,,,,,,,,,,,
ppg5.wav,0,0,0,1,1,vc,1,,,,,,,,,,,,,,,,,,,,,,,,,,,,,,,,,,,,,,,,,
ppg6.wav,0,0,0,1,0,vc,1,,,,,,,,,,,,,,,,,,,,,,,,,,,,,,,,,,,,,,,,,
ppg7.wav,0,0,0,0,1,vc,1,,,,,,,,,,,,,,,,,,,,,,,,,,,,,,,,,,,,,,,,,
ppg8.wav,0,0,0,1,1,vc,1,,,,,,,,,,,,,,,,,,,,,,,,,,,,,,,,,,,,,,,,,
E_1000628.wav,1,1,1,0,1,replay_attack,1,,,,,,,,,,,,,,,,,,,,,,,,,,,,,,,,,,,,,,,,,
E_1000753.wav,0,0,0,0,0,replay_attack,1,,,,,,,,,,,,,,,,,,,,,,,,,,,,,,,,,,,,,,,,,
E_1000225.wav,1,1,0,0,0,replay_attack,1,,,,,,,,,,,,,,,,,,,,,,,,,,,,,,,,,,,,,,,,,
E_1000678.wav,1,0,0,0,1,replay_attack,1,,,,,,,,,,,,,,,,,,,,,,,,,,,,,,,,,,,,,,,,,
E_1001041.wav,1,0,0,0,1,replay_attack,1,,,,,,,,,,,,,,,,,,,,,,,,,,,,,,,,,,,,,,,,,
E_1001258.wav,1,0,0,0,1,replay_attack,1,,,,,,,,,,,,,,,,,,,,,,,,,,,,,,,,,,,,,,,,,
E_1001699.wav,1,0,0,0,1,replay_attack,1,,,,,,,,,,,,,,,,,,,,,,,,,,,,,,,,,,,,,,,,,
E_1002263.wav,1,0,0,0,1,replay_attack,1,,,,,,,,,,,,,,,,,,,,,,,,,,,,,,,,,,,,,,,,,
E_1007741.wav,1,1,0,0,1,replay_attack,1,,,,,,,,,,,,,,,,,,,,,,,,,,,,,,,,,,,,,,,,,
E_1007767.wav,1,0,0,0,1,replay_attack,1,,,,,,,,,,,,,,,,,,,,,,,,,,,,,,,,,,,,,,,,,
E_1008429.wav,1,0,0,0,1,replay_attack,1,,,,,,,,,,,,,,,,,,,,,,,,,,,,,,,,,,,,,,,,,
E_1008608.wav,1,0,0,0,0,replay_attack,1,,,,,,,,,,,,,,,,,,,,,,,,,,,,,,,,,,,,,,,,,
E_1008623.wav,1,0,0,0,1,replay_attack,1,,,,,,,,,,,,,,,,,,,,,,,,,,,,,,,,,,,,,,,,,
E_1010604.wav,1,0,0,0,1,replay_attack,1,,,,,,,,,,,,,,,,,,,,,,,,,,,,,,,,,,,,,,,,,
E_1010879.wav,1,1,0,0,1,replay_attack,1,,,,,,,,,,,,,,,,,,,,,,,,,,,,,,,,,,,,,,,,,
E_1001090.wav,0,0,0,0,1,replay_attack,1,,,,,,,,,,,,,,,,,,,,,,,,,,,,,,,,,,,,,,,,,
E_1002428.wav,1,0,0,0,1,replay_attack,1,,,,,,,,,,,,,,,,,,,,,,,,,,,,,,,,,,,,,,,,,
E_1002410.wav,1,1,1,0,0,replay_attack,1,,,,,,,,,,,,,,,,,,,,,,,,,,,,,,,,,,,,,,,,,
New Obama fake 1.wav,0,0,0,0,1,mimicry,1,,,,,,,,,,,,,,,,,,,,,,,,,,,,,,,,,,,,,,,,,
New Obama fake 2.wav,0,1,0,0,1,mimicry,1,,,,,,,,,,,,,,,,,,,,,,,,,,,,,,,,,,,,,,,,,
New Obama fake 3.wav,0,0,0,0,1,mimicry,1,,,,,,,,,,,,,,,,,,,,,,,,,,,,,,,,,,,,,,,,,
New Obama fake 5.wav,0,0,0,0,1,mimicry,1,,,,,,,,,,,,,,,,,,,,,,,,,,,,,,,,,,,,,,,,,
New Obama fake 6.wav,0,0,0,0,0,mimicry,1,,,,,,,,,,,,,,,,,,,,,,,,,,,,,,,,,,,,,,,,,
New Obama fake 7.wav,0,0,0,0,0,mimicry,1,,,,,,,,,,,,,,,,,,,,,,,,,,,,,,,,,,,,,,,,,
New Obama fake 16.wav,0,0,0,0,1,mimicry,1,,,,,,,,,,,,,,,,,,,,,,,,,,,,,,,,,,,,,,,,,
New Obama fake 17.wav,1,0,0,0,0,mimicry,1,,,,,,,,,,,,,,,,,,,,,,,,,,,,,,,,,,,,,,,,,
New Obama fake 18.wav,0,0,0,0,0,mimicry,1,,,,,,,,,,,,,,,,,,,,,,,,,,,,,,,,,,,,,,,,,
New Obama fake 19.wav,0,0,0,0,0,mimicry,1,,,,,,,,,,,,,,,,,,,,,,,,,,,,,,,,,,,,,,,,,
New Obama fake 20.wav,0,0,0,0,0,mimicry,1,,,,,,,,,,,,,,,,,,,,,,,,,,,,,,,,,,,,,,,,,
New Obama fake 21.wav,0,0,0,0,0,mimicry,1,,,,,,,,,,,,,,,,,,,,,,,,,,,,,,,,,,,,,,,,,
New Obama fake 22.wav,0,0,0,0,0,mimicry,1,,,,,,,,,,,,,,,,,,,,,,,,,,,,,,,,,,,,,,,,,
New Obama fake 23.wav,0,0,0,0,0,mimicry,1,,,,,,,,,,,,,,,,,,,,,,,,,,,,,,,,,,,,,,,,,
New Obama fake 24.wav,0,0,0,0,0,mimicry,1,,,,,,,,,,,,,,,,,,,,,,,,,,,,,,,,,,,,,,,,,
New Obama fake 25.wav,0,0,0,0,0,mimicry,1,,,,,,,,,,,,,,,,,,,,,,,,,,,,,,,,,,,,,,,,,
obama fake 26.wav,0,1,0,0,1,tts,1,,,,,,,,,,,,,,,,,,,,,,,,,,,,,,,,,,,,,,,,,
obama fake 28.wav,1,1,0,0,1,tts,1,,,,,,,,,,,,,,,,,,,,,,,,,,,,,,,,,,,,,,,,,
obama fake 30.wav,1,1,0,0,1,tts,1,,,,,,,,,,,,,,,,,,,,,,,,,,,,,,,,,,,,,,,,,
obama fake 31.wav,1,0,0,0,1,tts,1,,,,,,,,,,,,,,,,,,,,,,,,,,,,,,,,,,,,,,,,,
 obama fake 33.wav,0,0,0,0,1,tts,1,,,,,,,,,,,,,,,,,,,,,,,,,,,,,,,,,,,,,,,,,
 obama fake 34.wav,0,0,0,0,1,tts,1,,,,,,,,,,,,,,,,,,,,,,,,,,,,,,,,,,,,,,,,,
 obama fake 35.wav,0,0,0,0,1,tts,1,,,,,,,,,,,,,,,,,,,,,,,,,,,,,,,,,,,,,,,,,
 obama fake 36.wav,0,0,0,0,1,tts,1,,,,,,,,,,,,,,,,,,,,,,,,,,,,,,,,,,,,,,,,,
Audio Clip 1.wav,1,1,1,0,1,tts,1,,,,,,,,,,,,,,,,,,,,,,,,,,,,,,,,,,,,,,,,,
Audio Clip 3.wav,1,0,0,0,1,tts,1,,,,,,,,,,,,,,,,,,,,,,,,,,,,,,,,,,,,,,,,,
Audio Clip 5.wav,1,1,0,0,1,tts,1,,,,,,,,,,,,,,,,,,,,,,,,,,,,,,,,,,,,,,,,,
Audio Clip 6.wav,1,1,0,0,1,tts,1,,,,,,,,,,,,,,,,,,,,,,,,,,,,,,,,,,,,,,,,,
Audio Clip 7.wav,1,1,0,0,1,tts,1,,,,,,,,,,,,,,,,,,,,,,,,,,,,,,,,,,,,,,,,,
melgan0.wav,0,0,0,0,0,tts,1,,,,,,,,,,,,,,,,,,,,,,,,,,,,,,,,,,,,,,,,,
melgan2.wav,0,0,0,0,0,tts,1,,,,,,,,,,,,,,,,,,,,,,,,,,,,,,,,,,,,,,,,,
melgan3.wav,0,0,0,0,1,tts,1,,,,,,,,,,,,,,,,,,,,,,,,,,,,,,,,,,,,,,,,,
melgan4.wav,0,0,0,0,1,tts,1,,,,,,,,,,,,,,,,,,,,,,,,,,,,,,,,,,,,,,,,,
wavenet-y.wav,0,1,0,0,1,tts,1,,,,,,,,,,,,,,,,,,,,,,,,,,,,,,,,,,,,,,,,,
wavenet1.wav,0,0,0,0,1,tts,1,,,,,,,,,,,,,,,,,,,,,,,,,,,,,,,,,,,,,,,,,
wavenet3.wav,0,0,0,0,1,tts,1,,,,,,,,,,,,,,,,,,,,,,,,,,,,,,,,,,,,,,,,,
wavenet4.wav,0,0,0,0,1,tts,1,,,,,,,,,,,,,,,,,,,,,,,,,,,,,,,,,,,,,,,,,
wavenet5.wav,0,0,0,0,1,tts,1,,,,,,,,,,,,,,,,,,,,,,,,,,,,,,,,,,,,,,,,,
wavenet6.wav,0,0,0,0,1,tts,1,,,,,,,,,,,,,,,,,,,,,,,,,,,,,,,,,,,,,,,,,
wavenet7.wav,0,0,0,0,1,tts,1,,,,,,,,,,,,,,,,,,,,,,,,,,,,,,,,,,,,,,,,,
wavenet8.wav,0,0,0,0,1,tts,1,,,,,,,,,,,,,,,,,,,,,,,,,,,,,,,,,,,,,,,,,
wavenet10.wav,0,1,0,0,1,tts,1,,,,,,,,,,,,,,,,,,,,,,,,,,,,,,,,,,,,,,,,,
wavenet11.wav,0,0,0,0,1,tts,1,,,,,,,,,,,,,,,,,,,,,,,,,,,,,,,,,,,,,,,,,
wavenet12.wav,0,0,0,0,1,tts,1,,,,,,,,,,,,,,,,,,,,,,,,,,,,,,,,,,,,,,,,,
Asvsgenuine14.wav,0,0,0,0,0,genuine,0,,,,,,,,,,,,,,,,,,,,,,,,,,,,,,,,,,,,,,,,,
Asvsgenuine15.wav,0,0,0,0,0,genuine,0,,,,,,,,,,,,,,,,,,,,,,,,,,,,,,,,,,,,,,,,,
obama 32.wav,0,0,0,0,0,genuine,0,,,,,,,,,,,,,,,,,,,,,,,,,,,,,,,,,,,,,,,,,
obama 33.wav,0,0,0,0,0,genuine,0,,,,,,,,,,,,,,,,,,,,,,,,,,,,,,,,,,,,,,,,,
LJ046-0201.wav,0,0,0,0,0,genuine,0,,,,,,,,,,,,,,,,,,,,,,,,,,,,,,,,,,,,,,,,,
genuine5.wav,0,0,0,1,0,genuine,0,,,,,,,,,,,,,,,,,,,,,,,,,,,,,,,,,,,,,,,,,
LJ046-0205.wav,0,0,0,0,0,genuine,0,,,,,,,,,,,,,,,,,,,,,,,,,,,,,,,,,,,,,,,,,
E_1000547.wav,1,0,0,0,1,replay_attack,1,,,,,,,,,,,,,,,,,,,,,,,,,,,,,,,,,,,,,,,,,
LJ003-0294.wav,0,0,1,0,0,genuine,0,,,,,,,,,,,,,,,,,,,,,,,,,,,,,,,,,,,,,,,,,
LJ003-0295.wav,0,0,1,1,0,genuine,0,,,,,,,,,,,,,,,,,,,,,,,,,,,,,,,,,,,,,,,,,
Asvsgenuine1.wav,0,0,0,0,0,genuine,0,,,,,,,,,,,,,,,,,,,,,,,,,,,,,,,,,,,,,,,,,
Asvsgenuine2.wav,0,0,0,0,0,genuine,0,,,,,,,,,,,,,,,,,,,,,,,,,,,,,,,,,,,,,,,,,
file935.wav,0,0,0,0,0,genuine,0,,,,,,,,,,,,,,,,,,,,,,,,,,,,,,,,,,,,,,,,,
file932.wav,0,0,0,0,0,genuine,0,,,,,,,,,,,,,,,,,,,,,,,,,,,,,,,,,,,,,,,,,
genuine13.wav,0,0,0,1,0,genuine,0,,,,,,,,,,,,,,,,,,,,,,,,,,,,,,,,,,,,,,,,,
genuine14.wav,0,0,0,1,0,genuine,0,,,,,,,,,,,,,,,,,,,,,,,,,,,,,,,,,,,,,,,,,
Assem11.wav,0,0,0,1,1,vc,1,,,,,,,,,,,,,,,,,,,,,,,,,,,,,,,,,,,,,,,,,
Assem12.wav,0,1,0,0,1,vc,1,,,,,,,,,,,,,,,,,,,,,,,,,,,,,,,,,,,,,,,,,
Mellotron3.wav,0,0,0,0,0,vc,1,,,,,,,,,,,,,,,,,,,,,,,,,,,,,,,,,,,,,,,,,
cotatron6.wav,1,1,0,1,1,vc,1,,,,,,,,,,,,,,,,,,,,,,,,,,,,,,,,,,,,,,,,,
Audio Clip 8.wav,1,1,1,0,1,tts,1,,,,,,,,,,,,,,,,,,,,,,,,,,,,,,,,,,,,,,,,,
wavenet9.wav,0,0,0,0,1,tts,1,,,,,,,,,,,,,,,,,,,,,,,,,,,,,,,,,,,,,,,,,
wavenet2.wav,0,0,0,0,1,tts,1,,,,,,,,,,,,,,,,,,,,,,,,,,,,,,,,,,,,,,,,,
obama fake 32(1).wav,1,1,0,0,1,tts,1,,,,,,,,,,,,,,,,,,,,,,,,,,,,,,,,,,,,,,,,,
New Obama fake 4.wav,0,0,0,0,0,mimicry,1,,,,,,,,,,,,,,,,,,,,,,,,,,,,,,,,,,,,,,,,,
E_1008248.wav,1,0,0,0,1,replay_attack,1,,,,,,,,,,,,,,,,,,,,,,,,,,,,,,,,,,,,,,,,,
E_1008343.wav,1,0,0,0,1,replay_attack,1,,,,,,,,,,,,,,,,,,,,,,,,,,,,,,,,,,,,,,,,,
E_1000790.wav,1,0,0,0,1,replay_attack,1,,,,,,,,,,,,,,,,,,,,,,,,,,,,,,,,,,,,,,,,,
E_1000999(1).wav,1,1,1,0,1,replay_attack,1,,,,,,,,,,,,,,,,,,,,,,,,,,,,,,,,,,,,,,,,,
DF_E_2001163.wav,1,0,0,1,0,genuine,0,,,,,,,,,,,,,,,,,,,,,,,,,,,,,,,,,,,,,,,,,
DF_E_2000053 (1).wav,1,0,0,0,1,genuine,0,,,,,,,,,,,,,,,,,,,,,,,,,,,,,,,,,,,,,,,,,
DF_E_2000058.wav,0,0,0,0,0,genuine,0,,,,,,,,,,,,,,,,,,,,,,,,,,,,,,,,,,,,,,,,,
DF_E_2000508.wav,0,0,1,0,0,genuine,0,,,,,,,,,,,,,,,,,,,,,,,,,,,,,,,,,,,,,,,,,
DF_E_2000503.wav,0,0,0,0,0,genuine,0,,,,,,,,,,,,,,,,,,,,,,,,,,,,,,,,,,,,,,,,,
DF_E_2000676.wav,1,0,0,0,1,genuine,0,,,,,,,,,,,,,,,,,,,,,,,,,,,,,,,,,,,,,,,,,
DF_E_2000531.wav,0,0,0,0,0,genuine,0,,,,,,,,,,,,,,,,,,,,,,,,,,,,,,,,,,,,,,,,,
DF_E_2001832.wav,1,0,0,0,0,genuine,0,,,,,,,,,,,,,,,,,,,,,,,,,,,,,,,,,,,,,,,,,
DF_E_2001695.wav,0,0,0,0,0,genuine,0,,,,,,,,,,,,,,,,,,,,,,,,,,,,,,,,,,,,,,,,,
DF_E_2001149.wav,1,0,0,1,0,genuine,0,,,,,,,,,,,,,,,,,,,,,,,,,,,,,,,,,,,,,,,,,
DF_E_2001230.wav,1,0,0,1,0,genuine,0,,,,,,,,,,,,,,,,,,,,,,,,,,,,,,,,,,,,,,,,,
DF_E_2002202.wav,0,0,0,0,1,genuine,0,,,,,,,,,,,,,,,,,,,,,,,,,,,,,,,,,,,,,,,,,
DF_E_2002152.wav,0,0,0,0,1,genuine,0,,,,,,,,,,,,,,,,,,,,,,,,,,,,,,,,,,,,,,,,,
DF_E_2002420.wav,0,0,0,1,0,genuine,0,,,,,,,,,,,,,,,,,,,,,,,,,,,,,,,,,,,,,,,,,
PA_E_1447845 (1).wav,0,0,0,0,0,genuine,0,,,,,,,,,,,,,,,,,,,,,,,,,,,,,,,,,,,,,,,,,