clip_id,duration,gender,pitch_anomaly,pause_anomaly,bursts_anomaly,breath_anomaly,audio_quality_anomaly,generator_or_source,type,y_true,,,,,,,,,,,,,,
Assem1,4,F,0,0,0,0,0,ASSEM,vc,1,,,,,,,,,,,,,,
Assem10,7,M,0,0,0,0,0,ASSEM,vc,1,,,,,,,,,,,,,,
Assem11,9,M,0,0,0,1,1,ASSEM,vc,1,,,,,,,,,,,,,,
Assem12,4,M,0,1,0,0,1,ASSEM,vc,1,,,,,,,,,,,,,,
Assem13,3,F,0,0,0,0,1,ASSEM,vc,1,,,,,,,,,,,,,,
Assem14,5,F,0,0,0,0,1,ASSEM,vc,1,,,,,,,,,,,,,,
Assem15,2,F,0,0,0,0,1,ASSEM,vc,1,,,,,,,,,,,,,,
Assem16,3,F,0,0,0,0,1,ASSEM,vc,1,,,,,,,,,,,,,,
Assem17,3,F,0,0,0,0,0,ASSEM,vc,1,,,,,,,,,,,,,,
Assem18,3,F,1,0,0,0,1,ASSEM,vc,1,,,,,,,,,,,,,,
Assem19,3,F,0,0,0,0,0,ASSEM,vc,1,,,,,,,,,,,,,,
Assem2,3,M,0,0,0,1,0,ASSEM,vc,1,,,,,,,,,,,,,,
Assem20,3,F,0,0,0,0,1,ASSEM,vc,1,,,,,,,,,,,,,,
Assem21,2,F,0,0,0,0,1,ASSEM,vc,1,,,,,,,,,,,,,,
Assem22,4,F,0,0,0,0,0,ASSEM,vc,1,,,,,,,,,,,,,,
Assem3,3,M,0,0,0,1,0,ASSEM,vc,1,,,,,,,,,,,,,,
Assem4,2,F,0,0,0,1,0,ASSEM,vc,1,,,,,,,,,,,,,,
Assem5,5,M,0,0,0,1,0,ASSEM,vc,1,,,,,,,,,,,,,,
Assem6,11,M,0,0,0,0,1,ASSEM,vc,1,,,,,,,,,,,,,,
Assem7,7,F,0,1,0,1,0,ASSEM,vc,1,,,,,,,,,,,,,,
Assem8,4,M,1,0,0,0,1,ASSEM,vc,1,,,,,,,,,,,,,,
Assem9-1,4,F,0,0,0,0,1,ASSEM,vc,1,,,,,,,,,,,,,,
Assem9-2,3,F,0,0,0,0,1,ASSEM,vc,1,,,,,,,,,,,,,,
Assem9-3,2,F,1,0,0,0,1,ASSEM,vc,1,,,,,,,,,,,,,,
Assem9-4,1,F,0,0,0,0,0,ASSEM,vc,1,,,,,,,,,,,,,,
Assem9-5,3,F,0,1,0,0,0,ASSEM,vc,1,,,,,,,,,,,,,,
Assem9-6,3,F,1,0,0,0,1,ASSEM,vc,1,,,,,,,,,,,,,,
Assem9-7,2,F,0,0,0,0,0,ASSEM,vc,1,,,,,,,,,,,,,,
Assem9-8,2,F,0,0,0,0,1,ASSEM,vc,1,,,,,,,,,,,,,,
Asvsgenuine1.wav,3,M,0,0,0,0,0,genuine,genuine,0,,,,,,,,,,,,,,
Asvsgenuine10.wav,3,M,1,0,0,0,0,genuine,genuine,0,,,,,,,,,,,,,,
Asvsgenuine11.wav,3,M,0,0,0,0,0,genuine,genuine,0,,,,,,,,,,,,,,
Asvsgenuine12.wav,4,M,0,0,1,0,0,genuine,genuine,0,,,,,,,,,,,,,,
Asvsgenuine13.wav,4,M,0,0,0,1,0,genuine,genuine,0,,,,,,,,,,,,,,
Asvsgenuine14.wav,2,M,0,0,0,0,0,genuine,genuine,0,,,,,,,,,,,,,,
Asvsgenuine15.wav,3,M,0,0,0,0,0,genuine,genuine,0,,,,,,,,,,,,,,
Asvsgenuine16.wav,4,M,0,0,0,0,0,genuine,genuine,0,,,,,,,,,,,,,,
Asvsgenuine17.wav,3,M,0,0,0,0,0,genuine,genuine,0,,,,,,,,,,,,,,
Asvsgenuine18.wav,3,M,0,0,0,1,0,genuine,genuine,0,,,,,,,,,,,,,,
Asvsgenuine2.wav,3,M,0,0,0,0,0,genuine,genuine,0,,,,,,,,,,,,,,
Asvsgenuine3.wav,4,M,0,0,0,0,0,genuine,genuine,0,,,,,,,,,,,,,,
Asvsgenuine4.wav,4,M,0,0,0,1,0,genuine,genuine,0,,,,,,,,,,,,,,
Asvsgenuine5.wav,3,M,0,0,0,1,0,genuine,genuine,0,,,,,,,,,,,,,,
Asvsgenuine6.wav,5,M,0,1,0,1,0,genuine,genuine,0,,,,,,,,,,,,,,
Asvsgenuine7.wav,4,M,0,0,0,1,0,genuine,genuine,0,,,,,,,,,,,,,,
Asvsgenuine8.wav,4,M,0,0,0,0,0,genuine,genuine,0,,,,,,,,,,,,,,
Asvsgenuine9.wav,3,M,1,0,0,0,0,genuine,genuine,0,,,,,,,,,,,,,,
Audio Clip 1.wav,11,F,1,1,1,0,1,MelGan,tts,1,,,,,,,,,,,,,,
Audio Clip 2.wav,9,M,0,0,0,1,0,genuine,genuine,0,,,,,,,,,,,,,,
Audio Clip 3.wav,6,F,1,0,0,0,1,MelGan,tts,1,,,,,,,,,,,,,,
Audio Clip 4.wav,7,F,0,0,0,0,0,genuine,genuine,0,,,,,,,,,,,,,,
Audio Clip 5.wav,8,F,1,1,0,0,1,MelGan,tts,1,,,,,,,,,,,,,,
Audio Clip 6.wav,6,F,1,1,0,0,1,MelGan,tts,1,,,,,,,,,,,,,,
Audio Clip 7.wav,5,F,1,1,0,0,1,MelGan,tts,1,,,,,,,,,,,,,,
Audio Clip 8.wav,3,F,1,1,1,0,1,MelGan,tts,1,,,,,,,,,,,,,,
cotatron1,4,F,0,0,0,1,0,Cotatron,vc,1,,,,,,,,,,,,,,
cotatron2,3,M,0,1,0,1,0,Cotatron,vc,1,,,,,,,,,,,,,,
cotatron3,3,M,0,0,0,1,0,Cotatron,vc,1,,,,,,,,,,,,,,
cotatron4,2,F,0,0,0,0,1,Cotatron,vc,1,,,,,,,,,,,,,,
cotatron5,5,M,0,0,0,1,1,Cotatron,vc,1,,,,,,,,,,,,,,
cotatron6,11,M,1,1,0,1,1,Cotatron,vc,1,,,,,,,,,,,,,,
cotatron7,7,F,1,0,0,0,0,Cotatron,vc,1,,,,,,,,,,,,,,
DF_E_2000031.wav,3,M,1,0,0,0,1,asvspoof2021_A10,tts,1,,,,,,,,,,,,,,
DF_E_2000053.wav,4,M,1,0,0,0,1,genuine,genuine,0,,,,,,,,,,,,,,
DF_E_2000055.wav,5,M,1,0,1,0,1,asvspooff2021_A17,vc,1,,,,,,,,,,,,,,
DF_E_2000058.wav,2,M,0,0,0,0,0,genuine,genuine,0,,,,,,,,,,,,,,
DF_E_2000079.wav,3,M,0,0,1,0,0,genuine,genuine,0,,,,,,,,,,,,,,
DF_E_2000106.wav,2,F,1,0,1,0,1,asvspoof2021_A10,tts,1,,,,,,,,,,,,,,
DF_E_2000127.wav,2,M,1,0,0,0,1,asvspoof2021_A09,tts,1,,,,,,,,,,,,,,
DF_E_2000137.wav,5,M,0,0,0,0,1,asvspoof2021_A17,vc,1,,,,,,,,,,,,,,
DF_E_2000212.wav,2,F,0,0,0,1,1,asvspoof2021_A17,vc,1,,,,,,,,,,,,,,
DF_E_2000311.wav,2,M,1,0,1,0,1,asvspoof2021_A07,tts,1,,,,,,,,,,,,,,
DF_E_2000329.wav,3,M,1,0,0,0,1,asvspoof2021_A17,vc,1,,,,,,,,,,,,,,
DF_E_2000503.wav,3,M,0,0,0,0,0,genuine,genuine,0,,,,,,,,,,,,,,
DF_E_2000508.wav,4,M,0,0,1,0,0,genuine,genuine,0,,,,,,,,,,,,,,
DF_E_2000531.wav,3,F,0,0,0,0,0,genuine,genuine,0,,,,,,,,,,,,,,
DF_E_2000676.wav,5,M,1,0,0,0,1,genuine,genuine,0,,,,,,,,,,,,,,
DF_E_2000724.wav,4,F,0,0,0,0,1,asvspoof2021_A18,vc,1,,,,,,,,,,,,,,
DF_E_2000775.wav,4,F,0,0,0,1,1,asvspoof2021_A19,vc,1,,,,,,,,,,,,,,
DF_E_2000826.wav,2,M,0,1,0,0,1,asvspoof2021_A18,vc,1,,,,,,,,,,,,,,
DF_E_2001058.wav,3,M,0,0,0,0,1,asvspoof2021_A18,vc,1,,,,,,,,,,,,,,
DF_E_2001149.wav,3,M,1,0,0,1,0,genuine,genuine,0,,,,,,,,,,,,,,
DF_E_2001163.wav,5,F,1,0,0,1,0,genuine,genuine,0,,,,,,,,,,,,,,
DF_E_2001204.wav,4,F,1,0,0,0,1,asvspoof2021_A17,vc,1,,,,,,,,,,,,,,
DF_E_2001209.wav,8,M,0,0,0,0,1,asvspoof2021_A18,vc,1,,,,,,,,,,,,,,
DF_E_2001230.wav,4,M,1,0,0,1,0,genuine,genuine,0,,,,,,,,,,,,,,
DF_E_2001263.wav,4,F,0,0,0,0,1,asvspoof2021_A18,vc,1,,,,,,,,,,,,,,
DF_E_2001435.wav,3,F,1,0,0,0,1,asvspoof2021_A07,tts,1,,,,,,,,,,,,,,
DF_E_2001618.wav,4,F,0,0,0,1,1,asvspoof2021_A17,vc,1,,,,,,,,,,,,,,
DF_E_2001695.wav,3,M,0,0,0,0,0,genuine,genuine,0,,,,,,,,,,,,,,
DF_E_2001714.wav,2,F,1,0,0,0,1,asvspoof2021_A07,tts,1,,,,,,,,,,,,,,
DF_E_2001818.wav,2,M,0,0,0,0,1,asvspoof2021_A19,vc,1,,,,,,,,,,,,,,
DF_E_2001832.wav,2,F,1,0,0,0,0,genuine,genuine,0,,,,,,,,,,,,,,
DF_E_2002152.wav,6,M,0,0,0,0,1,genuine,genuine,0,,,,,,,,,,,,,,
DF_E_2002202.wav,3,F,0,0,0,0,1,genuine,genuine,0,,,,,,,,,,,,,,
DF_E_2002307.wav,5,M,1,1,0,0,1,genuine,genuine,0,,,,,,,,,,,,,,
DF_E_2002420.wav,3,F,0,0,0,1,0,genuine,genuine,0,,,,,,,,,,,,,,
DF_E_2002526.wav,4,M,1,1,0,1,1,genuine,genuine,0,,,,,,,,,,,,,,
DF_E_2002672.wav,2,F,0,0,1,0,0,genuine,genuine,0,,,,,,,,,,,,,,
DF_E_2002753.wav,7,M,1,0,0,1,0,genuine,genuine,0,,,,,,,,,,,,,,
DF_E_2002772.wav,3,F,1,0,0,0,1,genuine,genuine,0,,,,,,,,,,,,,,
DF_E_2002884.wav,4,M,0,0,0,1,0,genuine,genuine,0,,,,,,,,,,,,,,
DF_E_2002979.wav,4,M,0,0,0,1,0,genuine,genuine,0,,,,,,,,,,,,,,
DF_E_2003008.wav,3,F,0,0,0,1,0,genuine,genuine,0,,,,,,,,,,,,,,
DF_E_2003021.wav,5,F,0,0,0,1,0,genuine,genuine,0,,,,,,,,,,,,,,
DF_E_2003082.wav,7,M,1,1,0,1,0,genuine,genuine,0,,,,,,,,,,,,,,
DF_E_2003108.wav,2,M,0,0,0,0,0,genuine,genuine,0,,,,,,,,,,,,,,
DF_E_2003222.wav,3,F,0,0,0,1,0,genuine,genuine,0,,,,,,,,,,,,,,
DF_E_2003230.wav,4,F,0,0,0,1,0,genuine,genuine,0,,,,,,,,,,,,,,
DF_E_2003555.wav,4,F,0,0,0,1,1,genuine,genuine,0,,,,,,,,,,,,,,
DF_E_2003934.wav,2,F,0,0,0,1,1,genuine,genuine,0,,,,,,,,,,,,,,
DF_E_2004156.wav,5,M,0,0,0,1,0,genuine,genuine,0,,,,,,,,,,,,,,
DF_E_2004205.wav,4,F,1,0,0,1,0,genuine,genuine,0,,,,,,,,,,,,,,
DF_E_2004207.wav,4,M,1,0,0,1,0,genuine,genuine,0,,,,,,,,,,,,,,
DF_E_2004215.wav,5,M,0,0,0,1,0,genuine,genuine,0,,,,,,,,,,,,,,
DF_E_2004476.wav,1,F,1,0,0,1,0,genuine,genuine,0,,,,,,,,,,,,,,
DF_E_2004766.wav,3,M,0,0,0,1,0,genuine,genuine,0,,,,,,,,,,,,,,
DF_E_2004935.wav,4,M,0,0,1,1,0,genuine,genuine,0,,,,,,,,,,,,,,
DF_E_2005004.wav,3,F,0,0,0,1,1,asvspoof2021_A17,vc,1,,,,,,,,,,,,,,
DF_E_2005024.wav,6,F,0,1,0,0,1,genuine,genuine,0,,,,,,,,,,,,,,
DF_E_2005033.wav,2,F,0,0,0,0,0,genuine,genuine,0,,,,,,,,,,,,,,
DF_E_2005095.wav,4,M,1,0,0,0,1,genuine,genuine,0,,,,,,,,,,,,,,
DF_E_2005245.wav,3,F,0,0,0,0,1,genuine,genuine,0,,,,,,,,,,,,,,
DF_E_2005302.wav,4,F,0,0,0,1,1,asvspoof2021_A17,vc,1,,,,,,,,,,,,,,
DF_E_2005382.wav,3,M,0,0,0,1,1,asvspoof2021_A17,vc,1,,,,,,,,,,,,,,
DF_E_2005412.wav,4,F,1,0,0,1,0,genuine,genuine,0,,,,,,,,,,,,,,
DF_E_2005547.wav,3,F,0,0,0,1,1,genuine,genuine,0,,,,,,,,,,,,,,
DF_E_2005765.wav,2,F,0,0,0,0,1,asvspoof2021_A17,vc,1,,,,,,,,,,,,,,
DF_E_2005779.wav,6,F,0,0,0,1,1,genuine,genuine,0,,,,,,,,,,,,,,
DF_E_2005967.wav,6,F,0,1,0,1,0,genuine,genuine,0,,,,,,,,,,,,,,
DF_E_2006057.wav,3,F,0,0,0,1,0,genuine,genuine,0,,,,,,,,,,,,,,
DF_E_2006062.wav,2,F,0,0,0,0,1,genuine,genuine,0,,,,,,,,,,,,,,
DF_E_2006108.wav,3,M,0,0,0,1,0,genuine,genuine,0,,,,,,,,,,,,,,
DF_E_2006367.wav,3,F,0,0,0,1,0,genuine,genuine,0,,,,,,,,,,,,,,
DF_E_2006414.wav,4,F,0,0,0,1,0,genuine,genuine,0,,,,,,,,,,,,,,
DF_E_2006437.wav,6,M,1,0,0,1,0,genuine,genuine,0,,,,,,,,,,,,,,
DF_E_2006743.wav,3,M,1,0,0,0,1,genuine,genuine,0,,,,,,,,,,,,,,
DF_E_2006837.wav,4,F,0,0,0,1,0,genuine,genuine,0,,,,,,,,,,,,,,
DF_E_2007079.wav,3,F,0,0,1,1,0,genuine,genuine,0,,,,,,,,,,,,,,
DF_E_2007102.wav,4,F,0,0,0,0,0,genuine,genuine,0,,,,,,,,,,,,,,
DF_E_2007297.wav,3,F,0,0,0,1,0,genuine,genuine,0,,,,,,,,,,,,,,
DF_E_2007327.wav,4,M,0,0,0,1,0,genuine,genuine,0,,,,,,,,,,,,,,
DF_E_2007574.wav,4,F,0,0,0,1,0,genuine,genuine,0,,,,,,,,,,,,,,
DF_E_2007773.wav,4,M,1,0,0,0,1,genuine,genuine,0,,,,,,,,,,,,,,
DF_E_2007778.wav,4,M,1,0,0,0,0,genuine,genuine,0,,,,,,,,,,,,,,
DF_E_2008096.wav,3,F,0,0,0,0,0,genuine,genuine,0,,,,,,,,,,,,,,
DF_E_2008139.wav,4,M,1,0,0,0,0,genuine,genuine,0,,,,,,,,,,,,,,
DF_E_2008237.wav,2,F,0,0,0,1,0,genuine,genuine,0,,,,,,,,,,,,,,
DF_E_2008443.wav,3,F,0,0,0,0,0,genuine,genuine,0,,,,,,,,,,,,,,
DF_E_2008863.wav,3,M,0,0,0,1,0,genuine,genuine,0,,,,,,,,,,,,,,
DF_E_2010711.wav,3,F,0,0,0,1,0,genuine,genuine,0,,,,,,,,,,,,,,
DF_E_2010729.wav,5,M,0,0,0,1,0,genuine,genuine,0,,,,,,,,,,,,,,
DF_E_2010776.wav,3,F,0,0,0,1,0,genuine,genuine,0,,,,,,,,,,,,,,
DF_E_2010941.wav,4,M,1,0,0,0,1,genuine,genuine,0,,,,,,,,,,,,,,
DF_E_2011273.wav,3,M,0,0,0,0,0,genuine,genuine,0,,,,,,,,,,,,,,
DF_E_2011319.wav,6,F,0,1,0,0,0,genuine,genuine,0,,,,,,,,,,,,,,
DF_E_2011339.wav,2,M,0,0,0,0,0,genuine,genuine,0,,,,,,,,,,,,,,
DF_E_2011491.wav,4,M,0,0,0,1,0,genuine,genuine,0,,,,,,,,,,,,,,
DF_E_2011518.wav,2,F,0,0,0,0,1,genuine,genuine,0,,,,,,,,,,,,,,
DF_E_2011647.wav,3,M,1,0,0,0,1,genuine,genuine,0,,,,,,,,,,,,,,
DF_E_2011649.wav,4,F,0,0,0,0,0,genuine,genuine,0,,,,,,,,,,,,,,
DF_E_2012341.wav,3,M,0,0,0,1,0,genuine,genuine,0,,,,,,,,,,,,,,
DF_E_2012547.wav,2,M,0,0,0,0,0,genuine,genuine,0,,,,,,,,,,,,,,
DF_E_2012571.wav,3,F,0,0,0,0,1,genuine,genuine,0,,,,,,,,,,,,,,
DF_E_2012867.wav,5,M,1,0,0,0,0,genuine,genuine,0,,,,,,,,,,,,,,
DF_E_2012922.wav,4,M,0,0,0,1,0,genuine,genuine,0,,,,,,,,,,,,,,
DF_E_2013311.wav,3,F,0,0,0,0,0,genuine,genuine,0,,,,,,,,,,,,,,
DF_E_2013488.wav,3,M,0,0,0,1,0,genuine,genuine,0,,,,,,,,,,,,,,
DF_E_2013561.wav,3,F,0,0,0,1,0,genuine,genuine,0,,,,,,,,,,,,,,
DF_E_2014017.wav,3,M,0,0,0,1,1,genuine,genuine,0,,,,,,,,,,,,,,
DF_E_2014251.wav,4,F,0,0,0,1,0,genuine,genuine,0,,,,,,,,,,,,,,
DF_E_2014510.wav,4,M,0,0,0,1,0,genuine,genuine,0,,,,,,,,,,,,,,
DF_E_2014624.wav,6,F,0,0,0,1,0,genuine,genuine,0,,,,,,,,,,,,,,
DF_E_2022979.wav,3,M,0,0,0,0,1,asvspoof2021_A19,vc,1,,,,,,,,,,,,,,
DF_E_2023761.wav,2,M,0,0,0,1,0,asvspoof2021_A19,vc,1,,,,,,,,,,,,,,
DF_E_2025466.wav,3,M,0,0,0,0,1,asvspoof2021_A19,vc,1,,,,,,,,,,,,,,
DF_E_2025743.wav,2,F,1,0,0,1,0,asvspoof2021_A19,vc,1,,,,,,,,,,,,,,
DF_E_2025826.wav,3,M,1,0,0,0,1,asvspoof2021_A17,vc,1,,,,,,,,,,,,,,
DF_E_2025898.wav,3,M,0,0,0,0,1,asvspoof2021_A17,vc,1,,,,,,,,,,,,,,
DF_E_2027168.wav,4,M,0,0,0,1,1,asvspoof2021_A19,vc,1,,,,,,,,,,,,,,
DF_E_2027408.wav,5,M,0,0,0,1,1,asvspoof2021_A17,vc,1,,,,,,,,,,,,,,
DF_E_2027429.wav,3,F,0,0,0,0,1,asvspoof2021_A17,vc,1,,,,,,,,,,,,,,
DF_E_2027458.wav,4,F,1,0,0,0,1,asvspoof2021_A17,vc,1,,,,,,,,,,,,,,
DF_E_2030158.wav,4,M,0,0,0,1,1,asvspoof2021_A19,vc,1,,,,,,,,,,,,,,
DF_E_2031677.wav,4,M,0,0,0,0,1,asvspoof2021_A19,vc,1,,,,,,,,,,,,,,
DF_E_2031735.wav,6,M,1,0,0,1,1,asvspoof2021_A17,vc,1,,,,,,,,,,,,,,
DF_E_2032425.wav,4,M,0,0,0,1,1,asvspoof2021_A17,vc,1,,,,,,,,,,,,,,
DF_E_2033118.wav,3,F,0,0,0,0,1,asvspoof2021_A17,vc,1,,,,,,,,,,,,,,
DF_E_2033144.wav,4,F,0,0,0,1,1,asvspoof2021_A17,vc,1,,,,,,,,,,,,,,
DF_E_2033182.wav,4,F,0,0,0,1,1,asvspoof2021_A19,vc,1,,,,,,,,,,,,,,
DF_E_2033295.wav,2,F,0,0,0,1,0,asvspoof2021_A19,vc,1,,,,,,,,,,,,,,
DF_E_2033863.wav,3,M,0,0,0,0,1,asvspoof2021_A17,vc,1,,,,,,,,,,,,,,
DF_E_2033870.wav,4,F,,,,,,asvspoof2021_A17,vc,1,,,,,,,,,,,,,,
DF_E_2033971.wav,2,F,0,0,0,1,1,asvspoof2021_A17,vc,1,,,,,,,,,,,,,,
DF_E_2034344.wav,4,M,0,0,0,1,1,asvspoof2021_A17,vc,1,,,,,,,,,,,,,,
DF_E_2034429.wav,7,M,0,0,0,0,1,asvspoof2021_A17,vc,1,,,,,,,,,,,,,,
DF_E_2037364.wav,4,M,0,0,0,0,1,asvspoof2021_A19,vc,1,,,,,,,,,,,,,,
DF_E_2039157.wav,3,F,0,0,0,1,1,asvspoof2021_A19,vc,1,,,,,,,,,,,,,,
DF_E_2039182.wav,8,M,0,0,0,1,1,asvspoof2021_A19,vc,1,,,,,,,,,,,,,,
DF_E_2041164.wav,1,M,0,0,0,0,1,asvspoof2021_A19,vc,1,,,,,,,,,,,,,,
DF_E_2041178.wav,5,F,0,0,0,0,1,asvspoof2021_A19,vc,1,,,,,,,,,,,,,,
DF_E_2043235.wav,4,M,0,0,0,1,1,asvspoof2021_A19,vc,1,,,,,,,,,,,,,,
DF_E_2046413.wav,5,F,0,1,0,1,1,asvspoof2021_A19,vc,1,,,,,,,,,,,,,,
DF_E_2046923.wav,5,M,0,0,0,1,1,asvspoof2021_A19,vc,1,,,,,,,,,,,,,,
DF_E_2047370.wav,2,M,1,0,0,0,1,asvspoof2021_A19,vc,1,,,,,,,,,,,,,,
DF_E_2047599.wav,3,M,0,0,0,1,1,asvspoof2021_A19,vc,1,,,,,,,,,,,,,,
DF_E_2049324.wav,2,F,1,0,0,0,1,asvspoof2021_A19,vc,1,,,,,,,,,,,,,,
DF_E_2051342.wav,4,M,0,0,0,1,1,asvspoof2021_A19,vc,1,,,,,,,,,,,,,,
DF_E_2053089.wav,3,F,0,0,0,1,0,genuine,genuine,0,,,,,,,,,,,,,,
DF_E_2053139.wav,4,M,0,1,0,1,1,asvspoof2021_A19,vc,1,,,,,,,,,,,,,,
DF_E_2053923.wav,4,F,0,0,0,1,0,genuine,genuine,0,,,,,,,,,,,,,,
DF_E_2053973.wav,3,F,0,0,0,1,0,genuine,genuine,0,,,,,,,,,,,,,,
DF_E_2054294.wav,3,F,0,0,0,0,1,genuine,genuine,0,,,,,,,,,,,,,,
DF_E_2057121.wav,1,M,1,0,0,0,1,asvspoof2021_A19,vc,1,,,,,,,,,,,,,,
DF_E_2069151.wav,3,F,1,0,0,1,1,asvspoof2021_A19,vc,1,,,,,,,,,,,,,,
DF_E_2069459.wav,4,M,1,0,0,1,1,asvspoof2021_A19,vc,1,,,,,,,,,,,,,,
DF_E_2069617.wav,3,F,0,1,0,0,1,asvspoof2021_A19,vc,1,,,,,,,,,,,,,,
DF_E_2069671.wav,4,M,0,0,0,1,1,asvspoof2021_A19,vc,1,,,,,,,,,,,,,,
DF_E_2069747.wav,1,M,1,0,0,0,1,asvspoof2021_A18,vc,1,,,,,,,,,,,,,,
DF_E_2069756.wav,5,M,0,0,0,0,1,asvspoof2021_A19,vc,1,,,,,,,,,,,,,,
DF_E_2069869.wav,4,M,1,0,0,0,1,asvspoof2021_A18,vc,1,,,,,,,,,,,,,,
DF_E_2069891.wav,2,M,1,0,0,1,1,asvspoof2021_A19,vc,1,,,,,,,,,,,,,,
DF_E_2069937.wav,4,M,1,0,0,0,1,asvspoof2021_A18,vc,1,,,,,,,,,,,,,,
DF_E_2070334.wav,3,F,0,0,0,0,1,asvspoof2021_A19,vc,1,,,,,,,,,,,,,,
DF_E_2070540.wav,3,F,,,,,,asvspoof2021_A19,vc,1,,,,,,,,,,,,,,
DF_E_2090179.wav,3,M,1,0,0,1,1,asvspoof2021_A19,vc,1,,,,,,,,,,,,,,
DF_E_2159900.wav,3,F,0,0,0,1,1,asvspoof2021_A19,vc,1,,,,,,,,,,,,,,
DF_E_2160541.wav,5,M,1,0,0,1,1,asvspoof2021_A19,vc,1,,,,,,,,,,,,,,
DF_E_2161732.wav,6,F,0,0,0,0,1,asvspoof2021_A19,vc,1,,,,,,,,,,,,,,
DF_E_2161896.wav,7,M,0,0,0,1,1,asvspoof2021_A19,vc,1,,,,,,,,,,,,,,
DF_E_2162867.wav,2,M,1,0,0,1,1,asvspoof2021_A19,vc,1,,,,,,,,,,,,,,
DF_E_2162966.wav,1,M,1,0,0,0,1,asvspoof2021_A19,vc,1,,,,,,,,,,,,,,
DF_E_2163268.wav,4,M,0,0,0,0,1,asvspoof2021_A18,vc,1,,,,,,,,,,,,,,
DF_E_2163294.wav,5,M,0,1,0,0,1,asvspoof2021_A18,vc,1,,,,,,,,,,,,,,
DF_E_2163732.wav,2,F,1,0,0,0,1,asvspoof2021_A19,vc,1,,,,,,,,,,,,,,
DF_E_2163866.wav,3,M,0,0,0,1,1,asvspoof2021_A19,vc,1,,,,,,,,,,,,,,
DF_E_2164466.wav,2,F,0,0,0,1,1,asvspoof2021_A19,vc,1,,,,,,,,,,,,,,
DF_E_2164866.wav,2,M,1,0,0,0,1,asvspoof2021_A19,vc,1,,,,,,,,,,,,,,
DF_E_2165708.wav,2,F,0,0,0,1,1,asvspoof2021_A19,vc,1,,,,,,,,,,,,,,
DF_E_2166145.wav,3,F,0,0,0,0,1,asvspoof2021_A19,vc,1,,,,,,,,,,,,,,
DF_E_2166936.wav,2,F,1,0,0,1,1,asvspoof2021_A19,vc,1,,,,,,,,,,,,,,
DF_E_2167299.wav,3,M,0,0,0,0,1,asvspoof2021_A19,vc,1,,,,,,,,,,,,,,
DF_E_2167757.wav,4,F,0,0,0,1,1,asvspoof2021_A19,vc,1,,,,,,,,,,,,,,
DF_E_2557473.wav,4,M,0,1,0,0,1,asvspoof2021_A16,tts,1,,,,,,,,,,,,,,
DF_E_2558379.wav,4,M,1,1,0,0,1,asvspoof2021_A16,tts,1,,,,,,,,,,,,,,
DF_E_2559267.wav,2,M,1,1,1,0,1,asvspoof2021_A16,tts,1,,,,,,,,,,,,,,
DF_E_2573515.wav,2,M,1,0,0,0,1,asvspoof2021_A16,tts,1,,,,,,,,,,,,,,
DF_E_2573635.wav,2,F,1,0,0,0,1,asvspoof2021_A16,tts,1,,,,,,,,,,,,,,
DF_E_2573757.wav,2,M,1,1,0,0,1,asvspoof2021_A16,tts,1,,,,,,,,,,,,,,
DF_E_2574091.wav,2,F,1,0,0,0,1,asvspoof2021_A16,tts,1,,,,,,,,,,,,,,
DF_E_2574483.wav,4,M,1,0,0,0,1,asvspoof2021_A16,tts,1,,,,,,,,,,,,,,
DF_E_2576690.wav,3,F,1,0,0,0,1,asvspoof2021_A16,tts,1,,,,,,,,,,,,,,
DF_E_2577312.wav,2,F,1,0,0,0,1,asvspoof2021_A16,tts,1,,,,,,,,,,,,,,
DF_E_2577481.wav,2,F,1,0,1,0,1,asvspoof2021_A16,tts,1,,,,,,,,,,,,,,
DF_E_2577671.wav,3,F,1,0,0,0,1,asvspoof2021_A16,tts,1,,,,,,,,,,,,,,
DF_E_2577790.wav,3,F,1,1,0,0,1,asvspoof2021_A16,tts,1,,,,,,,,,,,,,,
DF_E_2589905.wav,4,F,1,1,0,0,1,asvspoof2021_A16,tts,1,,,,,,,,,,,,,,
DF_E_2595206.wav,2,F,1,0,0,0,1,asvspoof2021_A10,tts,1,,,,,,,,,,,,,,
DF_E_2595232.wav,3,M,0,0,0,0,0,asvspoof2021_A10,tts,1,,,,,,,,,,,,,,
DF_E_2595762.wav,2,F,1,0,0,0,1,asvspoof2021_A10,tts,1,,,,,,,,,,,,,,
DF_E_2595920.wav,2,F,1,0,0,0,1,asvspoof2021_A10,tts,1,,,,,,,,,,,,,,
DF_E_2596979.wav,3,M,0,0,0,0,0,asvspoof2021_A10,tts,1,,,,,,,,,,,,,,
DF_E_2604854.wav,4,M,1,1,1,0,1,asvspoof2021_A16,tts,1,,,,,,,,,,,,,,
DF_E_2624847.wav,4,F,1,0,0,0,1,asvspoof2021_A09,tts,1,,,,,,,,,,,,,,
DF_E_2625426.wav,2,M,0,0,0,0,1,asvspoof2021_A09,tts,1,,,,,,,,,,,,,,
DF_E_2625742.wav,2,F,0,0,0,0,1,asvspoof2021_A08,tts,1,,,,,,,,,,,,,,
DF_E_2626001.wav,2,M,0,0,0,0,1,asvspoof2021_A09,tts,1,,,,,,,,,,,,,,
DF_E_2626547.wav,2,F,1,0,0,0,1,asvspoof2021_A09,tts,1,,,,,,,,,,,,,,
DF_E_2627061.wav,2,M,1,0,0,0,1,asvspoof2021_A10,tts,1,,,,,,,,,,,,,,
DF_E_2627345.wav,2,M,0,1,0,0,1,asvspoof2021_A09,tts,1,,,,,,,,,,,,,,
DF_E_2640162.wav,7,M,0,0,0,1,1,asvspoof2021_A19,vc,1,,,,,,,,,,,,,,
DF_E_2640948.wav,2,M,1,0,1,0,1,asvspoof2021_A19,vc,1,,,,,,,,,,,,,,
DF_E_2641759.wav,2,M,1,0,0,0,1,asvspoof2021_A19,vc,1,,,,,,,,,,,,,,
DF_E_2645267.wav,4,F,1,0,0,0,1,asvspoof2021_A19,vc,1,,,,,,,,,,,,,,
DF_E_2647645.wav,2,M,1,0,0,0,1,asvspoof2021_A19,vc,1,,,,,,,,,,,,,,
E_1000043.wav,3,M,1,0,0,0,1,replay_attack,replay_attack,1,,,,,,,,,,,,,,
E_1000047.wav,2,F,1,0,0,0,1,replay_attack,replay_attack,1,,,,,,,,,,,,,,
E_1000057.wav,3,M,1,0,0,0,1,replay_attack,replay_attack,1,,,,,,,,,,,,,,
E_1000112.wav,4,M,1,1,1,0,1,replay_attack,replay_attack,1,,,,,,,,,,,,,,
E_1000122.wav,4,M,1,0,0,0,1,replay_attack,replay_attack,1,,,,,,,,,,,,,,
E_1000160.wav,5,M,1,1,0,0,1,replay_attack,replay_attack,1,,,,,,,,,,,,,,
E_1000191.wav,4,M,1,1,0,0,1,replay_attack,replay_attack,1,,,,,,,,,,,,,,
E_1000225.wav,5,M,1,1,0,0,0,replay_attack,replay_attack,1,,,,,,,,,,,,,,
E_1000279.wav,3,M,0,0,0,0,0,genuine,genuine,0,,,,,,,,,,,,,,
E_1000338.wav,4,M,0,1,0,0,0,replay_attack,replay_attack,1,,,,,,,,,,,,,,
E_1000483.wav,3,M,1,1,0,0,0,replay_attack,replay_attack,1,,,,,,,,,,,,,,
E_1000495.wav,3,M,1,0,0,0,1,replay_attack,replay_attack,1,,,,,,,,,,,,,,
E_1000545.wav,3,M,0,0,0,1,0,genuine,genuine,0,,,,,,,,,,,,,,
E_1000547.wav,3,M,1,0,0,0,1,replay_attack,replay_attack,1,,,,,,,,,,,,,,
E_1000589.wav,4,M,1,1,0,0,1,replay_attack,replay_attack,1,,,,,,,,,,,,,,
E_1000599.wav,3,M,0,0,0,0,0,genuine,genuine,0,,,,,,,,,,,,,,
E_1000600.wav,4,M,1,1,0,0,1,genuine,genuine,0,,,,,,,,,,,,,,
E_1000612.wav,3,M,1,1,0,0,1,replay_attack,replay_attack,1,,,,,,,,,,,,,,
E_1000628.wav,5,M,1,1,1,0,1,replay_attack,replay_attack,1,,,,,,,,,,,,,,
E_1000638.wav,2,M,1,0,0,0,1,replay_attack,replay_attack,1,,,,,,,,,,,,,,
E_1000678.wav,4,M,1,0,0,0,1,replay_attack,replay_attack,1,,,,,,,,,,,,,,
E_1000712.wav,4,M,1,1,0,0,1,replay_attack,replay_attack,1,,,,,,,,,,,,,,
E_1000714.wav,3,M,0,0,0,0,0,genuine,genuine,0,,,,,,,,,,,,,,
E_1000753.wav,5,M,0,0,0,0,0,replay_attack,replay_attack,1,,,,,,,,,,,,,,
E_1000790.wav,3,M,1,0,0,0,1,replay_attack,replay_attack,1,,,,,,,,,,,,,,
E_1000808.wav,4,M,1,0,0,0,0,genuine,genuine,0,,,,,,,,,,,,,,
E_1000865.wav,4,M,0,1,0,1,0,genuine,genuine,0,,,,,,,,,,,,,,
E_1000999.wav,3,M,1,1,1,0,1,replay_attack,replay_attack,1,,,,,,,,,,,,,,
E_1001041.wav,2,M,1,0,0,0,1,replay_attack,replay_attack,1,,,,,,,,,,,,,,
E_1001053.wav,4,M,1,1,0,0,1,replay_attack,replay_attack,1,,,,,,,,,,,,,,
E_1001090.wav,3,M,0,0,0,0,1,replay_attack,replay_attack,1,,,,,,,,,,,,,,
E_1001258.wav,4,M,1,0,0,0,1,replay_attack,replay_attack,1,,,,,,,,,,,,,,
E_1001267.wav,3,M,0,0,0,0,0,genuine,genuine,0,,,,,,,,,,,,,,
E_1001523.wav,3,M,0,0,0,0,0,genuine,genuine,0,,,,,,,,,,,,,,
E_1001581.wav,3,M,0,0,0,1,0,genuine,genuine,0,,,,,,,,,,,,,,
E_1001699.wav,4,M,1,0,0,0,1,replay_attack,replay_attack,1,,,,,,,,,,,,,,
E_1002114.wav,4,M,0,0,0,0,0,genuine,genuine,0,,,,,,,,,,,,,,
E_1002136.wav,3,M,0,0,0,1,0,genuine,genuine,0,,,,,,,,,,,,,,
E_1002263.wav,3,M,1,0,0,0,1,replay_attack,replay_attack,1,,,,,,,,,,,,,,
E_1002410.wav,3,M,1,1,1,0,0,replay_attack,replay_attack,1,,,,,,,,,,,,,,
E_1002428.wav,3,M,1,0,0,0,1,replay_attack,replay_attack,1,,,,,,,,,,,,,,
E_1002520.wav,3,M,0,0,0,1,0,genuine,genuine,0,,,,,,,,,,,,,,
E_1002521.wav,3,M,1,1,0,0,1,replay_attack,replay_attack,1,,,,,,,,,,,,,,
E_1002546.wav,3,M,1,1,0,0,0,replay_attack,replay_attack,1,,,,,,,,,,,,,,
E_1002577.wav,3,M,1,0,1,0,1,replay_attack,replay_attack,1,,,,,,,,,,,,,,
E_1002978.wav,4,M,0,0,0,0,0,genuine,genuine,0,,,,,,,,,,,,,,
E_1003273.wav,4,M,0,0,0,0,1,replay_attack,replay_attack,1,,,,,,,,,,,,,,
E_1003337.wav,4,M,1,1,0,0,1,replay_attack,replay_attack,1,,,,,,,,,,,,,,
E_1003350.wav,4,M,0,0,0,1,0,genuine,genuine,0,,,,,,,,,,,,,,
E_1004517.wav,4,M,0,0,0,0,0,genuine,genuine,0,,,,,,,,,,,,,,
E_1005191.wav,3,M,0,0,0,0,0,genuine,genuine,0,,,,,,,,,,,,,,
E_1005535.wav,4,M,0,0,0,0,0,genuine,genuine,0,,,,,,,,,,,,,,
E_1005653.wav,2,M,0,1,0,1,0,genuine,genuine,0,,,,,,,,,,,,,,
E_1006077.wav,3,M,0,0,0,0,0,genuine,genuine,0,,,,,,,,,,,,,,
E_1006166.wav,5,M,0,0,0,1,0,genuine,genuine,0,,,,,,,,,,,,,,
E_1007135.wav,4,M,0,0,0,1,0,genuine,genuine,0,,,,,,,,,,,,,,
E_1007289.wav,4,M,0,0,0,0,0,genuine,genuine,0,,,,,,,,,,,,,,
E_1007497.wav,4,M,0,0,0,0,0,genuine,genuine,0,,,,,,,,,,,,,,
E_1007616.wav,3,M,0,1,0,0,0,genuine,genuine,0,,,,,,,,,,,,,,
E_1007721.wav,4,M,0,0,0,0,0,genuine,genuine,0,,,,,,,,,,,,,,
E_1007730.wav,4,M,1,0,1,0,1,replay_attack,replay_attack,1,,,,,,,,,,,,,,
E_1007741.wav,2,M,1,1,0,0,1,replay_attack,replay_attack,1,,,,,,,,,,,,,,
E_1007767.wav,5,M,1,0,0,0,1,replay_attack,replay_attack,1,,,,,,,,,,,,,,
E_1008073.wav,3,M,0,0,0,0,0,genuine,genuine,0,,,,,,,,,,,,,,
E_1008248.wav,3,M,1,0,0,0,1,replay_attack,replay_attack,1,,,,,,,,,,,,,,
E_1008261.wav,3,M,0,0,0,0,0,genuine,genuine,0,,,,,,,,,,,,,,
E_1008322.wav,4,M,0,1,0,0,0,genuine,genuine,0,,,,,,,,,,,,,,
E_1008343.wav,5,M,1,0,0,0,1,replay_attack,replay_attack,1,,,,,,,,,,,,,,
E_1008429.wav,4,M,1,0,0,0,1,replay_attack,replay_attack,1,,,,,,,,,,,,,,
E_1008608.wav,4,M,1,0,0,0,0,replay_attack,replay_attack,1,,,,,,,,,,,,,,
E_1008623.wav,3,M,1,0,0,0,1,replay_attack,replay_attack,1,,,,,,,,,,,,,,
E_1008694.wav,3,M,0,0,1,1,0,genuine,genuine,0,,,,,,,,,,,,,,
E_1008781.wav,5,M,0,0,0,1,0,genuine,genuine,0,,,,,,,,,,,,,,
E_1008789.wav,3,M,1,0,0,0,0,genuine,genuine,0,,,,,,,,,,,,,,
E_1008887.wav,4,M,0,0,0,1,0,genuine,genuine,0,,,,,,,,,,,,,,
E_1009181.wav,4,M,0,0,0,1,0,genuine,genuine,0,,,,,,,,,,,,,,
E_1009233.wav,3,M,0,0,0,0,0,genuine,genuine,0,,,,,,,,,,,,,,
E_1009553.wav,3,M,0,0,0,0,0,genuine,genuine,0,,,,,,,,,,,,,,
E_1010238.wav,4,M,0,0,0,0,0,genuine,genuine,0,,,,,,,,,,,,,,
E_1010604.wav,3,M,1,0,0,0,1,replay_attack,replay_attack,1,,,,,,,,,,,,,,
E_1010879.wav,4,M,1,1,0,0,1,replay_attack,replay_attack,1,,,,,,,,,,,,,,
E_1010964.wav,2,M,1,0,0,0,0,genuine,genuine,0,,,,,,,,,,,,,,
E_1011149.wav,3,M,0,0,0,0,0,genuine,genuine,0,,,,,,,,,,,,,,
E_1011229.wav,2,M,0,0,0,0,0,genuine,genuine,0,,,,,,,,,,,,,,
E_1011338.wav,3,M,0,0,0,1,0,genuine,genuine,0,,,,,,,,,,,,,,
E_1011996.wav,3,M,0,0,1,1,0,genuine,genuine,0,,,,,,,,,,,,,,
E_1012047.wav,5,M,0,0,0,1,0,genuine,genuine,0,,,,,,,,,,,,,,
E_1012089.wav,2,M,1,1,0,0,1,genuine,genuine,0,,,,,,,,,,,,,,
E_1012672.wav,5,M,0,0,0,0,0,genuine,genuine,0,,,,,,,,,,,,,,
E_1012707.wav,3,M,0,0,0,0,0,genuine,genuine,0,,,,,,,,,,,,,,
E_1013280.wav,3,M,0,0,0,1,0,genuine,genuine,0,,,,,,,,,,,,,,
E_1013422.wav,6,M,0,0,0,1,0,genuine,genuine,0,,,,,,,,,,,,,,
E_1013984.wav,5,M,0,0,0,0,0,genuine,genuine,0,,,,,,,,,,,,,,
E_1014174.wav,4,M,0,0,0,1,0,genuine,genuine,0,,,,,,,,,,,,,,
file1.wav,3,F,0,1,0,0,1,genuine,genuine,0,,,,,,,,,,,,,,
file13.wav,5,F,1,0,0,0,1,genuine,genuine,0,,,,,,,,,,,,,,
file131.wav,3,M,1,0,0,0,1,FoR_Dataset_tts,tts,1,,,,,,,,,,,,,,
file137.wav,4,M,1,0,0,0,1,FoR_Dataset_tts,tts,1,,,,,,,,,,,,,,
file139.wav,3,F,1,0,1,0,1,FoR_Dataset_tts,tts,1,,,,,,,,,,,,,,
file152.wav,2,M,1,0,0,0,1,FoR_Dataset_tts,tts,1,,,,,,,,,,,,,,
file155.wav,3,F,1,0,0,0,1,FoR_Dataset_tts,tts,1,,,,,,,,,,,,,,
file157.wav,3,F,1,0,0,0,1,FoR_Dataset_tts,tts,1,,,,,,,,,,,,,,
file161.wav,2,F,1,0,1,0,1,FoR_Dataset_tts,tts,1,,,,,,,,,,,,,,
file166.wav,4,M,1,0,0,0,1,FoR_Dataset_tts,tts,1,,,,,,,,,,,,,,
file17.wav,2,M,0,0,0,0,0,genuine,genuine,0,,,,,,,,,,,,,,
file176.wav,2,F,1,0,0,0,1,FoR_Dataset_tts,tts,1,,,,,,,,,,,,,,
file180.wav,3,M,0,0,0,0,1,FoR_Dataset_tts,tts,1,,,,,,,,,,,,,,
file185.wav,4,F,0,0,0,0,1,FoR_Dataset_tts,tts,1,,,,,,,,,,,,,,
file194.wav,2,F,1,0,0,0,1,FoR_Dataset_tts,tts,1,,,,,,,,,,,,,,
file195.wav,2,F,1,0,0,0,1,FoR_Dataset_tts,tts,1,,,,,,,,,,,,,,
file198.wav,3,F,1,0,0,0,1,FoR_Dataset_tts,tts,1,,,,,,,,,,,,,,
file2.wav,4,F,0,0,0,1,0,genuine,genuine,0,,,,,,,,,,,,,,
file204.wav,3,M,1,0,0,0,1,FoR_Dataset_tts,tts,1,,,,,,,,,,,,,,
file213.wav,2,M,1,0,0,0,1,FoR_Dataset_tts,tts,1,,,,,,,,,,,,,,
file215.wav,3,F,1,1,0,0,1,FoR_Dataset_tts,tts,1,,,,,,,,,,,,,,
file219.wav,2,F,1,0,1,0,1,FoR_Dataset_tts,tts,1,,,,,,,,,,,,,,
file221.wav,2,M,1,0,1,0,1,FoR_Dataset_tts,tts,1,,,,,,,,,,,,,,
file228.wav,3,M,0,0,0,0,1,FoR_Dataset_tts,tts,1,,,,,,,,,,,,,,
file229.wav,3,M,1,0,0,0,1,FoR_Dataset_tts,tts,1,,,,,,,,,,,,,,
file239.wav,3,F,0,0,0,0,1,FoR_Dataset_tts,tts,1,,,,,,,,,,,,,,
file248.wav,3,M,0,0,0,0,1,FoR_Dataset_tts,tts,1,,,,,,,,,,,,,,
file249.wav,2,M,1,0,0,0,1,FoR_Dataset_tts,tts,1,,,,,,,,,,,,,,
file25.wav,5,F,0,0,0,0,1,genuine,genuine,0,,,,,,,,,,,,,,
file250.wav,2,F,1,0,0,0,1,FoR_Dataset_tts,tts,1,,,,,,,,,,,,,,
file258.wav,4,F,1,0,0,0,1,FoR_Dataset_tts,tts,1,,,,,,,,,,,,,,
file27.wav,2,M,1,1,0,0,1,FoR_Dataset_tts,tts,1,,,,,,,,,,,,,,
file27.wav,2,M,0,0,0,0,0,genuine,genuine,0,,,,,,,,,,,,,,
file3.wav,2,M,1,0,0,0,1,FoR_Dataset_tts,tts,1,,,,,,,,,,,,,,
file3.wav,10,M,0,0,0,0,0,genuine,genuine,0,,,,,,,,,,,,,,
file30.wav,4,M,0,1,0,0,0,genuine,genuine,0,,,,,,,,,,,,,,
file33.wav,5,F,0,0,0,0,0,genuine,genuine,0,,,,,,,,,,,,,,
file36.wav,3,F,0,1,0,0,1,genuine,genuine,0,,,,,,,,,,,,,,
file44.wav,3,M,0,0,0,0,1,genuine,genuine,0,,,,,,,,,,,,,,
file47.wav,4,F,0,0,0,0,1,genuine,genuine,0,,,,,,,,,,,,,,
file48.wav,5,F,0,0,0,0,1,genuine,genuine,0,,,,,,,,,,,,,,
file50.wav,8,F,0,0,0,0,1,genuine,genuine,0,,,,,,,,,,,,,,
file51.wav,3,F,0,0,0,0,1,genuine,genuine,0,,,,,,,,,,,,,,
file52.wav,3,M,0,0,0,0,1,genuine,genuine,0,,,,,,,,,,,,,,
file53.wav,4,M,0,0,0,0,0,genuine,genuine,0,,,,,,,,,,,,,,
file54.wav,3,M,0,0,0,0,1,genuine,genuine,0,,,,,,,,,,,,,,
file55.wav,6,F,0,0,0,0,1,genuine,genuine,0,,,,,,,,,,,,,,
file56.wav,4,M,0,0,0,0,0,genuine,genuine,0,,,,,,,,,,,,,,
file6.wav,3,F,0,0,0,0,1,FoR_Dataset_tts,tts,1,,,,,,,,,,,,,,
file60.wav,5,M,0,0,0,0,0,genuine,genuine,0,,,,,,,,,,,,,,
file63.wav,4,F,0,0,0,0,1,genuine,genuine,0,,,,,,,,,,,,,,
file64.wav,4,M,1,0,0,0,1,FoR_Dataset_tts,tts,1,,,,,,,,,,,,,,
file66.wav,3,F,1,0,0,0,1,FoR_Dataset_tts,tts,1,,,,,,,,,,,,,,
file68.wav,5,F,0,0,0,0,1,genuine,genuine,0,,,,,,,,,,,,,,
file69.wav,4,M,1,0,0,0,0,genuine,genuine,0,,,,,,,,,,,,,,
file7.wav,7,M,0,0,0,0,0,genuine,genuine,0,,,,,,,,,,,,,,
file76.wav,3,M,0,1,0,0,0,genuine,genuine,0,,,,,,,,,,,,,,
file78.wav,8,F,0,0,0,0,1,genuine,genuine,0,,,,,,,,,,,,,,
file80.wav,3,M,1,1,0,0,0,genuine,genuine,0,,,,,,,,,,,,,,
file81.wav,5,F,0,0,0,0,1,genuine,genuine,0,,,,,,,,,,,,,,
file83.wav,2,M,0,0,0,0,1,FoR_Dataset_tts,tts,1,,,,,,,,,,,,,,
file84.wav,3,F,1,0,0,0,1,FoR_Dataset_tts,tts,1,,,,,,,,,,,,,,
file88.wav,3,M,1,0,0,0,1,FoR_Dataset_tts,tts,1,,,,,,,,,,,,,,
file889,2,M,0,0,0,0,0,genuine,genuine,0,,,,,,,,,,,,,,
file89.wav,3,F,1,0,0,0,1,FoR_Dataset_tts,tts,1,,,,,,,,,,,,,,
file892,2,M,0,0,0,0,0,genuine,genuine,0,,,,,,,,,,,,,,
file895,3,F,0,0,0,0,0,genuine,genuine,0,,,,,,,,,,,,,,
file9,2,F,0,0,0,0,0,genuine,genuine,0,,,,,,,,,,,,,,
file9.wav,5,M,0,1,0,0,0,genuine,genuine,0,,,,,,,,,,,,,,
file902,3,F,0,0,0,0,0,genuine,genuine,0,,,,,,,,,,,,,,
file905,4,M,0,1,0,0,0,genuine,genuine,0,,,,,,,,,,,,,,
file909,2,F,0,0,0,0,0,genuine,genuine,0,,,,,,,,,,,,,,
file912,2,F,0,0,0,0,0,genuine,genuine,0,,,,,,,,,,,,,,
file915,3,M,0,0,0,0,0,genuine,genuine,0,,,,,,,,,,,,,,
file919,4,M,0,0,0,0,0,genuine,genuine,0,,,,,,,,,,,,,,
file922,1,F,0,0,0,0,0,genuine,genuine,0,,,,,,,,,,,,,,
file925,4,M,0,1,0,0,0,genuine,genuine,0,,,,,,,,,,,,,,
file929.wav,2,F,0,0,0,0,0,genuine,genuine,0,,,,,,,,,,,,,,
file932,2,F,0,0,0,0,0,genuine,genuine,0,,,,,,,,,,,,,,
file935,1,F,0,0,0,0,0,genuine,genuine,0,,,,,,,,,,,,,,
file99,2,M,0,0,0,0,0,genuine,genuine,0,,,,,,,,,,,,,,
genuine1,4,F,0,0,0,1,0,genuine,genuine,0,,,,,,,,,,,,,,
genuine10,3,M,0,0,0,1,0,genuine,genuine,0,,,,,,,,,,,,,,
genuine11,11,F,0,0,0,1,1,genuine,genuine,0,,,,,,,,,,,,,,
genuine12,4,M,0,0,0,1,0,genuine,genuine,0,,,,,,,,,,,,,,
genuine13,7,F,0,0,0,1,0,genuine,genuine,0,,,,,,,,,,,,,,
genuine14,4,F,0,0,0,1,0,genuine,genuine,0,,,,,,,,,,,,,,
genuine2,4,F,0,0,0,0,0,genuine,genuine,0,,,,,,,,,,,,,,
genuine3,2,M,0,0,0,1,0,genuine,genuine,0,,,,,,,,,,,,,,
genuine4,2,M,0,0,0,0,0,genuine,genuine,0,,,,,,,,,,,,,,
genuine5,3,F,0,0,0,1,0,genuine,genuine,0,,,,,,,,,,,,,,
genuine6,3,M,0,0,0,1,0,genuine,genuine,0,,,,,,,,,,,,,,
genuine7,2,M,0,0,0,1,0,genuine,genuine,0,,,,,,,,,,,,,,
genuine8,5,F,0,0,0,1,0,genuine,genuine,0,,,,,,,,,,,,,,
genuine9,5,F,0,0,0,1,0,genuine,genuine,0,,,,,,,,,,,,,,
google101,11,M,1,0,0,0,1,Googletts,tts,1,,,,,,,,,,,,,,
google102,11,M,1,1,0,0,1,Googletts,tts,1,,,,,,,,,,,,,,
google103,14,M,1,1,0,0,1,Googletts,tts,1,,,,,,,,,,,,,,
google104.wav,14,M,1,1,0,0,1,Googletts,tts,1,,,,,,,,,,,,,,
google105,18,M,1,0,0,0,1,Googletts,tts,1,,,,,,,,,,,,,,
google106.wav,17,M,1,1,0,0,1,Googletts,tts,1,,,,,,,,,,,,,,
google107,12,M,1,0,0,0,1,Googletts,tts,1,,,,,,,,,,,,,,
google108.wav,13,M,0,1,0,0,1,Googletts,tts,1,,,,,,,,,,,,,,
google109,13,M,1,1,0,0,1,Googletts,tts,1,,,,,,,,,,,,,,
google110,10,M,0,1,0,0,1,Googletts,tts,1,,,,,,,,,,,,,,
google201,14,F,1,0,1,0,1,Googletts,tts,1,,,,,,,,,,,,,,
google202,10,F,0,1,0,0,1,Googletts,tts,1,,,,,,,,,,,,,,
google203,10,F,0,1,0,0,1,Googletts,tts,1,,,,,,,,,,,,,,
google204,12,F,0,0,0,0,1,Googletts,tts,1,,,,,,,,,,,,,,
google205,14,F,1,1,0,0,1,Googletts,tts,1,,,,,,,,,,,,,,
google206,11,F,1,1,0,0,1,Googletts,tts,1,,,,,,,,,,,,,,
google207,11,F,1,1,0,0,1,Googletts,tts,1,,,,,,,,,,,,,,
google208,15,F,1,1,1,0,1,Googletts,tts,1,,,,,,,,,,,,,,
KamalaF1.wav,4,F,0,0,0,0,0,mimicry,mimicry,1,,,,,,,,,,,,,,
KamalaF10.wav,5,F,1,1,0,0,0,mimicry,mimicry,1,,,,,,,,,,,,,,
KamalaF12.wav,4,F,1,0,0,0,0,mimicry,mimicry,1,,,,,,,,,,,,,,
KamalaF13.wav,6,F,1,1,0,0,1,mimicry,mimicry,1,,,,,,,,,,,,,,
KamalaF14.wav,5,F,0,0,0,0,0,mimicry,mimicry,1,,,,,,,,,,,,,,
KamalaF15.wav,7,F,1,0,0,0,1,mimicry,mimicry,1,,,,,,,,,,,,,,
KamalaF16.wav,7,F,1,1,0,0,0,mimicry,mimicry,1,,,,,,,,,,,,,,
KamalaF17.wav,4,F,1,1,0,0,0,mimicry,mimicry,1,,,,,,,,,,,,,,
KamalaF18.wav,2,F,0,0,0,0,1,mimicry,mimicry,1,,,,,,,,,,,,,,
KamalaF19.wav,3,F,0,0,0,0,1,mimicry,mimicry,1,,,,,,,,,,,,,,
KamalaF2.wav,4,F,0,0,0,0,0,mimicry,mimicry,1,,,,,,,,,,,,,,
KamalaF20.wav,5,F,1,0,0,0,1,mimicry,mimicry,1,,,,,,,,,,,,,,
KamalaF21.wav,3,F,0,0,0,0,0,mimicry,mimicry,1,,,,,,,,,,,,,,
KamalaF22.wav,3,F,1,1,0,0,1,mimicry,mimicry,1,,,,,,,,,,,,,,
KamalaF23.wav,3,F,0,0,0,0,1,mimicry,mimicry,1,,,,,,,,,,,,,,
KamalaF24.wav,5,F,1,1,0,0,1,mimicry,mimicry,1,,,,,,,,,,,,,,
KamalaF25mp3,5,F,1,0,0,0,1,mimicry,mimicry,1,,,,,,,,,,,,,,
KamalaF26mp3,7,F,0,1,0,0,0,mimicry,mimicry,1,,,,,,,,,,,,,,
KamalaF27.wav,6,F,1,1,1,0,0,mimicry,mimicry,1,,,,,,,,,,,,,,
KamalaF28.wav,3,F,0,0,0,0,0,mimicry,mimicry,1,,,,,,,,,,,,,,
KamalaF29.wav,3,F,1,0,0,0,0,mimicry,mimicry,1,,,,,,,,,,,,,,
KamalaF3.wav,5,F,1,0,0,0,1,mimicry,mimicry,1,,,,,,,,,,,,,,
KamalaF30.wav,4,F,1,0,0,1,1,mimicry,mimicry,1,,,,,,,,,,,,,,
KamalaF4.wav,5,F,1,1,0,0,1,mimicry,mimicry,1,,,,,,,,,,,,,,
KamalaF5.wav,3,F,1,1,0,0,0,mimicry,mimicry,1,,,,,,,,,,,,,,
KamalaF6.wav,4,F,1,1,0,0,1,mimicry,mimicry,1,,,,,,,,,,,,,,
KamalaF7.wav,4,F,1,1,0,0,1,mimicry,mimicry,1,,,,,,,,,,,,,,
KamalaF8.wav,4,F,0,0,0,0,0,mimicry,mimicry,1,,,,,,,,,,,,,,
KamalaF9.wav,5,F,0,1,0,0,1,mimicry,mimicry,1,,,,,,,,,,,,,,
KamalaR1.wav,8,F,1,0,0,0,0,genuine,genuine,0,,,,,,,,,,,,,,
KamalaR10.wav,3,F,1,0,0,0,0,genuine,genuine,0,,,,,,,,,,,,,,
KamalaR11.wav,4,F,1,0,0,0,0,genuine,genuine,0,,,,,,,,,,,,,,
KamalaR12.wav,4,F,0,0,0,0,0,genuine,genuine,0,,,,,,,,,,,,,,
KamalaR13.wav,6,F,1,1,0,0,0,genuine,genuine,0,,,,,,,,,,,,,,
KamalaR14.wav,5,F,1,0,0,0,0,genuine,genuine,0,,,,,,,,,,,,,,
KamalaR15.wav,8,F,1,1,0,0,0,genuine,genuine,0,,,,,,,,,,,,,,
KamalaR16.wav,3,F,1,0,1,0,0,genuine,genuine,0,,,,,,,,,,,,,,
KamalaR17.wav,4,F,0,1,0,0,0,genuine,genuine,0,,,,,,,,,,,,,,
KamalaR18.wav,4,F,0,0,0,0,0,genuine,genuine,0,,,,,,,,,,,,,,
KamalaR19.wav,4,F,0,0,0,0,0,genuine,genuine,0,,,,,,,,,,,,,,
KamalaR2.wav,5,F,0,0,0,0,0,genuine,genuine,0,,,,,,,,,,,,,,
KamalaR20.wav,3,F,1,0,0,0,0,genuine,genuine,0,,,,,,,,,,,,,,
KamalaR3.wav,5,F,0,0,0,0,0,genuine,genuine,0,,,,,,,,,,,,,,
KamalaR4.wav,6,F,0,0,0,0,0,genuine,genuine,0,,,,,,,,,,,,,,
KamalaR5.wav,4,F,0,0,0,0,0,genuine,genuine,0,,,,,,,,,,,,,,
KamalaR6.wav,7,F,0,0,0,0,0,genuine,genuine,0,,,,,,,,,,,,,,
KamalaR7.wav,6,F,0,0,0,0,0,genuine,genuine,0,,,,,,,,,,,,,,
KamalaR8.wav,5,F,1,1,0,0,0,genuine,genuine,0,,,,,,,,,,,,,,
KamalaR9.wav,5,F,1,1,0,0,0,genuine,genuine,0,,,,,,,,,,,,,,
LJ002-0321.wav,10,F,0,0,1,0,0,genuine,genuine,0,,,,,,,,,,,,,,
LJ002-0322.wav,10,F,1,0,0,0,0,genuine,genuine,0,,,,,,,,,,,,,,
LJ002-0323.wav,7,F,1,0,0,0,0,genuine,genuine,0,,,,,,,,,,,,,,
LJ002-0324.wav,6,F,0,0,1,0,0,genuine,genuine,0,,,,,,,,,,,,,,
LJ002-0325.wav,8,F,1,0,1,0,1,genuine,genuine,0,,,,,,,,,,,,,,
LJ002-0325.wav,8,F,0,0,1,0,0,genuine,genuine,0,,,,,,,,,,,,,,
LJ002-0326.wav,7,F,0,0,0,0,0,genuine,genuine,0,,,,,,,,,,,,,,
LJ002-0326.wav,7,F,0,0,1,0,0,genuine,genuine,0,,,,,,,,,,,,,,
LJ002-0327.wav,6,F,0,0,1,0,0,genuine,genuine,0,,,,,,,,,,,,,,
LJ002-0327.wav,6,F,0,0,1,0,0,genuine,genuine,0,,,,,,,,,,,,,,
LJ002-0328.wav,10,F,0,0,1,0,0,genuine,genuine,0,,,,,,,,,,,,,,
LJ002-0329.wav,9,F,1,0,1,0,0,genuine,genuine,0,,,,,,,,,,,,,,
LJ002-0330.wav,7,F,0,0,0,0,0,genuine,genuine,0,,,,,,,,,,,,,,
LJ003-0294.wav,9,F,0,0,1,0,0,genuine,genuine,0,,,,,,,,,,,,,,
LJ003-0295.wav,6,F,0,0,1,1,0,genuine,genuine,0,,,,,,,,,,,,,,
LJ003-0296.wav,5,F,0,0,0,0,0,genuine,genuine,0,,,,,,,,,,,,,,
LJ003-0297.wav,2,F,0,0,0,0,0,genuine,genuine,0,,,,,,,,,,,,,,
LJ003-0298.wav,9,F,1,0,0,0,0,genuine,genuine,0,,,,,,,,,,,,,,
LJ003-0299.wav,5,F,1,0,0,0,0,genuine,genuine,0,,,,,,,,,,,,,,
LJ003-0300.wav,6,F,0,0,1,0,0,genuine,genuine,0,,,,,,,,,,,,,,
LJ003-0301.wav,10,F,1,0,1,0,0,genuine,genuine,0,,,,,,,,,,,,,,
LJ003-0302.wav,7,F,0,0,1,0,0,genuine,genuine,0,,,,,,,,,,,,,,
LJ046-0195.wav,7,F,1,0,0,0,0,genuine,genuine,0,,,,,,,,,,,,,,
LJ046-0196.wav,8,F,0,0,1,0,0,genuine,genuine,0,,,,,,,,,,,,,,
LJ046-0197.wav,8,F,0,0,1,0,0,genuine,genuine,0,,,,,,,,,,,,,,
LJ046-0198.wav,6,F,0,0,0,0,0,genuine,genuine,0,,,,,,,,,,,,,,
LJ046-0200.wav,5,F,0,0,0,0,0,genuine,genuine,0,,,,,,,,,,,,,,
LJ046-0201.wav,6,F,0,0,0,0,0,genuine,genuine,0,,,,,,,,,,,,,,
LJ046-0202.wav,6,F,0,0,0,1,0,genuine,genuine,0,,,,,,,,,,,,,,
LJ046-0203.wav,8,F,0,0,1,0,0,genuine,genuine,0,,,,,,,,,,,,,,
LJ046-0204.wav,10,F,1,0,0,0,0,genuine,genuine,0,,,,,,,,,,,,,,
LJ046-0205.wav,5,F,0,0,0,0,0,genuine,genuine,0,,,,,,,,,,,,,,
melgan0.wav,7,F,0,0,0,0,0,MelGan,tts,1,,,,,,,,,,,,,,
melgan1.wav,5,M,0,0,0,0,1,MelGan,tts,1,,,,,,,,,,,,,,
melgan2.wav,6,F,0,0,0,0,0,MelGan,tts,1,,,,,,,,,,,,,,
melgan3.wav,6,F,0,0,0,0,1,MelGan,tts,1,,,,,,,,,,,,,,
melgan4.wav,6,F,0,0,0,0,1,MelGan,tts,1,,,,,,,,,,,,,,
melgan5.wav,5,M,1,1,0,0,1,MelGan,tts,1,,,,,,,,,,,,,,
melgan6.wav,7,F,0,0,0,0,1,MelGan,tts,1,,,,,,,,,,,,,,
melgan7.wav,7,F,1,1,0,0,1,MelGan,tts,1,,,,,,,,,,,,,,
melgan8.wav,8,F,1,1,1,0,1,MelGan,tts,1,,,,,,,,,,,,,,
Mellotron1,4,F,0,0,0,0,1,Mellotron,vc,1,,,,,,,,,,,,,,
Mellotron2,3,M,0,0,0,0,1,Mellotron,vc,1,,,,,,,,,,,,,,
Mellotron3,2,F,0,0,0,0,0,Mellotron,vc,1,,,,,,,,,,,,,,
Mellotron4,2,F,0,0,0,0,1,Mellotron,vc,1,,,,,,,,,,,,,,
Mellotron5,5,M,0,0,0,1,1,Mellotron,vc,1,,,,,,,,,,,,,,
Mellotron6,11,M,0,0,0,0,1,Mellotron,vc,1,,,,,,,,,,,,,,
Mellotron7,4,M,1,1,0,0,1,Mellotron,vc,1,,,,,,,,,,,,,,
New Obama fake 1.wav,2,M,0,0,0,0,1,mimicry,mimicry,1,,,,,,,,,,,,,,
New Obama fake 11.wav,2,M,0,1,0,0,0,mimicry,mimicry,1,,,,,,,,,,,,,,
New Obama fake 12.wav,2,M,0,1,0,0,0,mimicry,mimicry,1,,,,,,,,,,,,,,
New Obama fake 14.wav,2,M,0,0,0,0,0,mimicry,mimicry,1,,,,,,,,,,,,,,
New Obama fake 15.wav,2,M,0,0,0,0,0,mimicry,mimicry,1,,,,,,,,,,,,,,
New Obama fake 16.wav,2,M,0,0,0,0,1,mimicry,mimicry,1,,,,,,,,,,,,,,
New Obama fake 17.wav,2,M,1,0,0,0,0,mimicry,mimicry,1,,,,,,,,,,,,,,
New Obama fake 18.wav,2,M,0,0,0,0,0,mimicry,mimicry,1,,,,,,,,,,,,,,
New Obama fake 19.wav,2,M,0,0,0,0,0,mimicry,mimicry,1,,,,,,,,,,,,,,
New Obama fake 2.wav,2,M,0,1,0,0,1,mimicry,mimicry,1,,,,,,,,,,,,,,
New Obama fake 20.wav,2,M,0,0,0,0,0,mimicry,mimicry,1,,,,,,,,,,,,,,
New Obama fake 21.wav,2,M,0,0,0,0,0,mimicry,mimicry,1,,,,,,,,,,,,,,
New Obama fake 22.wav,2,M,0,0,0,0,0,mimicry,mimicry,1,,,,,,,,,,,,,,
New Obama fake 23.wav,2,M,0,0,0,0,0,mimicry,mimicry,1,,,,,,,,,,,,,,
New Obama fake 24.wav,2,M,0,0,0,0,0,mimicry,mimicry,1,,,,,,,,,,,,,,
New Obama fake 25.wav,2,M,0,0,0,0,0,mimicry,mimicry,1,,,,,,,,,,,,,,
New Obama fake 3.wav,2,M,0,0,0,0,1,mimicry,mimicry,1,,,,,,,,,,,,,,
New Obama fake 4.wav,2,M,0,0,0,0,0,mimicry,mimicry,1,,,,,,,,,,,,,,
New Obama fake 5.wav,2,M,0,0,0,0,1,mimicry,mimicry,1,,,,,,,,,,,,,,
New Obama fake 6.wav,2,M,0,0,0,0,0,mimicry,mimicry,1,,,,,,,,,,,,,,
New Obama fake 7.wav,2,M,0,0,0,0,0,mimicry,mimicry,1,,,,,,,,,,,,,,
New Obama fake 8.wav,2,M,0,0,0,0,1,mimicry,mimicry,1,,,,,,,,,,,,,,
New Obama fake 9.wav,2,M,0,0,0,0,0,mimicry,mimicry,1,,,,,,,,,,,,,,
obama 1.wav,2,M,0,0,0,1,0,genuine,genuine,0,,,,,,,,,,,,,,
obama 10.wav,2,M,0,0,0,1,0,genuine,genuine,0,,,,,,,,,,,,,,
obama 11.wav,2,M,0,0,0,0,0,genuine,genuine,0,,,,,,,,,,,,,,
obama 12.wav,2,M,0,0,0,1,0,genuine,genuine,0,,,,,,,,,,,,,,
obama 13.wav,2,M,0,0,0,0,0,genuine,genuine,0,,,,,,,,,,,,,,
obama 14.wav,2,M,0,0,0,1,0,genuine,genuine,0,,,,,,,,,,,,,,
obama 15.wav,2,M,0,0,0,1,0,genuine,genuine,0,,,,,,,,,,,,,,
obama 16.wav,2,M,0,0,0,1,0,genuine,genuine,0,,,,,,,,,,,,,,
obama 17.wav,2,M,0,0,0,1,0,genuine,genuine,0,,,,,,,,,,,,,,
obama 18.wav,2,M,0,0,0,0,0,genuine,genuine,0,,,,,,,,,,,,,,
obama 19.wav,2,M,0,0,0,0,0,genuine,genuine,0,,,,,,,,,,,,,,
obama 2.wav,2,M,0,0,0,0,0,genuine,genuine,0,,,,,,,,,,,,,,
obama 20.wav,2,M,0,0,0,0,0,genuine,genuine,0,,,,,,,,,,,,,,
obama 21.wav,2,M,0,0,0,0,0,genuine,genuine,0,,,,,,,,,,,,,,
obama 22.wav,2,M,0,0,0,0,0,genuine,genuine,0,,,,,,,,,,,,,,
obama 23.wav,2,M,0,0,0,1,0,genuine,genuine,0,,,,,,,,,,,,,,
obama 24.wav,2,M,0,0,0,0,0,genuine,genuine,0,,,,,,,,,,,,,,
obama 25.wav,2,M,0,0,0,0,0,genuine,genuine,0,,,,,,,,,,,,,,
obama 26.wav,2,M,0,0,0,0,0,genuine,genuine,0,,,,,,,,,,,,,,
obama 27.wav,2,M,0,0,0,0,0,genuine,genuine,0,,,,,,,,,,,,,,
obama 28.wav,2,M,0,0,0,0,0,genuine,genuine,0,,,,,,,,,,,,,,
obama 29.wav,2,M,0,0,0,0,0,genuine,genuine,0,,,,,,,,,,,,,,
obama 3.wav,2,M,0,0,0,0,0,genuine,genuine,0,,,,,,,,,,,,,,
obama 30.wav,2,M,0,0,0,0,0,genuine,genuine,0,,,,,,,,,,,,,,
obama 31.wav,2,M,0,0,0,0,0,genuine,genuine,0,,,,,,,,,,,,,,
obama 32.wav,2,M,0,0,0,0,0,genuine,genuine,0,,,,,,,,,,,,,,
obama 33.wav,2,M,0,0,0,0,0,genuine,genuine,0,,,,,,,,,,,,,,
obama 34.wav,2,M,0,0,0,0,0,genuine,genuine,0,,,,,,,,,,,,,,
obama 35.wav,2,M,0,0,0,0,0,genuine,genuine,0,,,,,,,,,,,,,,
obama 36.wav,2,M,0,0,0,0,0,genuine,genuine,0,,,,,,,,,,,,,,
obama 37.wav,2,M,0,0,0,0,0,genuine,genuine,0,,,,,,,,,,,,,,
obama 38.wav,2,M,0,0,0,1,0,genuine,genuine,0,,,,,,,,,,,,,,
obama 39.wav,2,M,0,0,0,0,0,genuine,genuine,0,,,,,,,,,,,,,,
obama 4.wav,2,M,0,0,0,0,0,genuine,genuine,0,,,,,,,,,,,,,,
obama 40.wav,2,M,0,0,0,0,0,genuine,genuine,0,,,,,,,,,,,,,,
obama 41.wav,2,M,0,0,0,0,0,genuine,genuine,0,,,,,,,,,,,,,,
obama 42.wav,2,M,0,0,0,0,0,genuine,genuine,0,,,,,,,,,,,,,,
obama 43.wav,2,M,0,0,0,0,0,genuine,genuine,0,,,,,,,,,,,,,,
obama 5.wav,2,M,0,0,0,0,0,genuine,genuine,0,,,,,,,,,,,,,,
obama 6.wav,2,M,0,0,0,1,0,genuine,genuine,0,,,,,,,,,,,,,,
obama 7.wav,2,M,0,0,0,0,0,genuine,genuine,0,,,,,,,,,,,,,,
obama 8.wav,2,M,0,0,0,1,0,genuine,genuine,0,,,,,,,,,,,,,,
obama 9.wav,2,M,0,0,0,0,0,genuine,genuine,0,,,,,,,,,,,,,,
obama fake 26.wav,2,M,0,1,0,0,1,lyrebird,tts,1,,,,,,,,,,,,,,
obama fake 28.wav,2,M,1,1,0,0,1,lyrebird,tts,1,,,,,,,,,,,,,,
obama fake 29.wav,2,M,0,0,0,0,1,lyrebird,tts,1,,,,,,,,,,,,,,
obama fake 30.wav,2,M,1,1,0,0,1,lyrebird,tts,1,,,,,,,,,,,,,,
obama fake 31.wav,2,M,1,0,0,0,1,lyrebird,tts,1,,,,,,,,,,,,,,
obama fake 32.wav,2,M,1,1,0,0,1,lyrebird,tts,1,,,,,,,,,,,,,,
obama fake 33.wav,2,M,0,0,0,0,1,lyrebird,tts,1,,,,,,,,,,,,,,
obama fake 34.wav,2,M,0,0,0,0,1,lyrebird,tts,1,,,,,,,,,,,,,,
obama fake 35.wav,2,M,0,0,0,0,1,lyrebird,tts,1,,,,,,,,,,,,,,
obama fake 36.wav,2,M,0,0,0,0,1,lyrebird,tts,1,,,,,,,,,,,,,,
obama fake 37.wav,3,M,0,0,0,0,1,lyrebird,tts,1,,,,,,,,,,,,,,
obama fake 38.wav,2,M,0,0,0,0,1,lyrebird,tts,1,,,,,,,,,,,,,,
obama fake 40.wav,2,M,0,0,0,0,1,lyrebird,tts,1,,,,,,,,,,,,,,
obama fake 41.wav,2,M,0,0,0,0,1,lyrebird,tts,1,,,,,,,,,,,,,,
ObamaF1.wav,7,M,1,1,0,0,0,mimicry,mimicry,1,,,,,,,,,,,,,,
ObamaF10.wav,4,M,0,0,0,0,1,mimicry,mimicry,1,,,,,,,,,,,,,,
ObamaF11.wav,7,M,0,1,1,0,1,mimicry,mimicry,1,,,,,,,,,,,,,,
ObamaF12.wav,7,M,1,0,0,1,0,mimicry,mimicry,1,,,,,,,,,,,,,,
ObamaF13.wav,7,M,1,0,1,0,0,mimicry,mimicry,1,,,,,,,,,,,,,,
ObamaF14.wav,4,M,1,0,1,0,0,mimicry,mimicry,1,,,,,,,,,,,,,,
ObamaF15.wav,4,M,1,0,0,0,0,mimicry,mimicry,1,,,,,,,,,,,,,,
ObamaF16.wav,4,M,1,1,0,0,0,mimicry,mimicry,1,,,,,,,,,,,,,,
ObamaF17.wav,7,M,1,1,1,0,0,mimicry,mimicry,1,,,,,,,,,,,,,,
ObamaF18.wav,5,M,1,0,0,0,0,mimicry,mimicry,1,,,,,,,,,,,,,,
ObamaF19.wav,3,M,1,0,0,0,0,mimicry,mimicry,1,,,,,,,,,,,,,,
ObamaF2.wav,4,M,1,0,0,0,1,mimicry,mimicry,1,,,,,,,,,,,,,,
ObamaF20.wav,4,M,1,1,0,0,0,mimicry,mimicry,1,,,,,,,,,,,,,,
ObamaF21.wav,4,M,1,0,1,0,1,mimicry,mimicry,1,,,,,,,,,,,,,,
ObamaF22.wav,5,M,0,0,0,0,1,mimicry,mimicry,1,,,,,,,,,,,,,,
ObamaF23mp3,4,M,1,0,0,0,1,mimicry,mimicry,1,,,,,,,,,,,,,,
ObamaF24.wav,4,M,0,0,1,0,1,mimicry,mimicry,1,,,,,,,,,,,,,,
ObamaF25.wav,3,M,1,0,0,0,1,mimicry,mimicry,1,,,,,,,,,,,,,,
ObamaF26.wav,4,M,0,0,0,0,1,mimicry,mimicry,1,,,,,,,,,,,,,,
ObamaF27.wav,4,M,0,0,0,0,0,mimicry,mimicry,1,,,,,,,,,,,,,,
ObamaF28.wav,3,M,0,0,0,0,1,mimicry,mimicry,1,,,,,,,,,,,,,,
ObamaF29.wav,3,M,1,0,0,0,1,mimicry,mimicry,1,,,,,,,,,,,,,,
ObamaF3.wav,5,M,1,1,0,0,1,mimicry,mimicry,1,,,,,,,,,,,,,,
ObamaF30.wav,7,M,1,0,0,0,0,mimicry,mimicry,1,,,,,,,,,,,,,,
ObamaF4.wav,4,M,0,0,0,0,1,mimicry,mimicry,1,,,,,,,,,,,,,,
ObamaF5.wav,4,M,1,0,1,0,1,mimicry,mimicry,1,,,,,,,,,,,,,,
ObamaF6.wav,3,M,0,0,0,0,1,mimicry,mimicry,1,,,,,,,,,,,,,,
ObamaF7.wav,4,M,1,0,0,0,1,mimicry,mimicry,1,,,,,,,,,,,,,,
ObamaF8.wav,3,M,1,0,0,0,0,mimicry,mimicry,1,,,,,,,,,,,,,,
ObamaF9.wav,3,M,1,0,0,0,1,mimicry,mimicry,1,,,,,,,,,,,,,,
ObamaR1.wav,4,M,0,0,0,0,0,genuine,genuine,0,,,,,,,,,,,,,,
ObamaR10.wav,5,M,0,0,0,1,0,genuine,genuine,0,,,,,,,,,,,,,,
ObamaR11.wav,4,M,0,0,0,1,0,genuine,genuine,0,,,,,,,,,,,,,,
ObamaR12.wav,6,M,0,0,0,0,0,genuine,genuine,0,,,,,,,,,,,,,,
ObamaR13.wav,4,M,0,0,0,0,0,genuine,genuine,0,,,,,,,,,,,,,,
ObamaR14.wav,7,M,0,1,0,0,0,genuine,genuine,0,,,,,,,,,,,,,,
ObamaR15.wav,6,M,0,1,0,0,0,genuine,genuine,0,,,,,,,,,,,,,,
ObamaR16.wav,5,M,1,0,0,0,0,genuine,genuine,0,,,,,,,,,,,,,,
ObamaR17.wav,5,M,0,1,0,0,0,genuine,genuine,0,,,,,,,,,,,,,,
ObamaR18.wav,4,M,0,0,0,1,0,genuine,genuine,0,,,,,,,,,,,,,,
ObamaR19.wav,9,M,1,0,0,1,0,genuine,genuine,0,,,,,,,,,,,,,,
ObamaR2.wav,4,M,0,0,0,1,0,genuine,genuine,0,,,,,,,,,,,,,,
ObamaR20.wav,8,M,0,1,0,1,0,genuine,genuine,0,,,,,,,,,,,,,,
ObamaR3.wav,5,M,0,1,0,1,0,genuine,genuine,0,,,,,,,,,,,,,,
ObamaR4.wav,5,M,0,0,0,1,0,genuine,genuine,0,,,,,,,,,,,,,,
ObamaR5.wav,5,M,0,0,0,1,0,genuine,genuine,0,,,,,,,,,,,,,,
ObamaR6.wav,6,M,0,0,0,1,0,genuine,genuine,0,,,,,,,,,,,,,,
ObamaR7.wav,6,M,0,0,0,1,0,genuine,genuine,0,,,,,,,,,,,,,,
ObamaR8.wav,6,M,0,0,0,0,0,genuine,genuine,0,,,,,,,,,,,,,,
ObamaR9.wav,5,M,0,0,0,1,0,genuine,genuine,0,,,,,,,,,,,,,,
PA_E_1000378.wav,4,M,0,0,0,0,1,replay_attack,replay_attack,1,,,,,,,,,,,,,,
PA_E_1000444.wav,3,M,0,0,0,0,1,genuine,genuine,0,,,,,,,,,,,,,,
PA_E_1001324.wav,2,M,1,0,0,0,0,genuine,genuine,0,,,,,,,,,,,,,,
PA_E_1001941.wav,3,M,0,0,0,0,1,replay_attack,replay_attack,1,,,,,,,,,,,,,,
PA_E_1001962.wav,5,F,1,0,0,0,1,genuine,genuine,0,,,,,,,,,,,,,,
PA_E_1002624.wav,4,M,0,0,0,0,1,replay_attack,replay_attack,1,,,,,,,,,,,,,,
PA_E_1003732.wav,3,F,0,1,0,0,1,replay_attack,replay_attack,1,,,,,,,,,,,,,,
PA_E_1003848.wav,4,F,0,0,0,0,1,replay_attack,replay_attack,1,,,,,,,,,,,,,,
PA_E_1004219.wav,4,F,0,0,0,0,0,replay_attack,replay_attack,1,,,,,,,,,,,,,,
PA_E_1004226.wav,4,F,0,0,0,0,0,replay_attack,replay_attack,1,,,,,,,,,,,,,,
PA_E_1005047.wav,3,M,0,1,0,0,1,replay_attack,replay_attack,1,,,,,,,,,,,,,,
PA_E_1005211.wav,5,M,0,0,0,0,1,replay_attack,replay_attack,1,,,,,,,,,,,,,,
PA_E_1005318.wav,4,M,0,0,0,0,1,replay_attack,replay_attack,1,,,,,,,,,,,,,,
PA_E_1006016.wav,5,M,0,0,0,0,1,replay_attack,replay_attack,1,,,,,,,,,,,,,,
PA_E_1006141.wav,7,M,0,1,0,0,1,replay_attack,replay_attack,1,,,,,,,,,,,,,,
PA_E_1006876.wav,4,F,0,0,0,0,1,replay_attack,replay_attack,1,,,,,,,,,,,,,,
PA_E_1007284.wav,3,F,0,0,0,0,1,replay_attack,replay_attack,1,,,,,,,,,,,,,,
PA_E_1008206.wav,5,M,0,0,0,0,1,replay_attack,replay_attack,1,,,,,,,,,,,,,,
PA_E_1008245.wav,4,M,0,0,0,0,1,replay_attack,replay_attack,1,,,,,,,,,,,,,,
PA_E_1009646.wav,5,M,0,1,0,0,1,genuine,genuine,0,,,,,,,,,,,,,,
PA_E_1009952.wav,6,F,0,1,0,0,1,replay_attack,replay_attack,1,,,,,,,,,,,,,,
PA_E_1011401.wav,4,F,0,0,0,0,1,replay_attack,replay_attack,1,,,,,,,,,,,,,,
PA_E_1011563.wav,5,F,0,0,0,0,1,replay_attack,replay_attack,1,,,,,,,,,,,,,,
PA_E_1013429.wav,4,F,0,1,0,0,1,replay_attack,replay_attack,1,,,,,,,,,,,,,,
PA_E_1013477.wav,6,M,0,1,0,0,1,replay_attack,replay_attack,1,,,,,,,,,,,,,,
PA_E_1014305.wav,5,F,0,0,0,0,1,replay_attack,replay_attack,1,,,,,,,,,,,,,,
PA_E_1014573.wav,4,F,0,0,0,0,1,replay_attack,replay_attack,1,,,,,,,,,,,,,,
PA_E_1016144.wav,4,F,0,0,0,0,1,replay_attack,replay_attack,1,,,,,,,,,,,,,,
PA_E_1016321.wav,6,F,0,1,0,0,1,replay_attack,replay_attack,1,,,,,,,,,,,,,,
PA_E_1017935.wav,4,M,0,0,0,0,1,replay_attack,replay_attack,1,,,,,,,,,,,,,,
PA_E_1018196.wav,7,F,0,0,0,1,1,replay_attack,replay_attack,1,,,,,,,,,,,,,,
PA_E_1019401.wav,4,F,0,0,0,0,1,replay_attack,replay_attack,1,,,,,,,,,,,,,,
PA_E_1019595.wav,3,F,0,0,0,0,1,replay_attack,replay_attack,1,,,,,,,,,,,,,,
PA_E_1020113.wav,5,F,0,1,0,0,1,replay_attack,replay_attack,1,,,,,,,,,,,,,,
PA_E_1020118.wav,5,M,0,0,0,0,1,replay_attack,replay_attack,1,,,,,,,,,,,,,,
PA_E_1020140.wav,5,F,0,0,0,0,1,replay_attack,replay_attack,1,,,,,,,,,,,,,,
PA_E_1020742.wav,5,M,0,0,0,0,1,replay_attack,replay_attack,1,,,,,,,,,,,,,,
PA_E_1022893.wav,4,M,0,0,0,0,1,replay_attack,replay_attack,1,,,,,,,,,,,,,,
PA_E_1024796.wav,5,F,0,1,0,0,1,replay_attack,replay_attack,1,,,,,,,,,,,,,,
PA_E_1024854.wav,6,F,0,1,0,0,1,replay_attack,replay_attack,1,,,,,,,,,,,,,,
PA_E_1025177.wav,4,F,0,0,0,0,1,replay_attack,replay_attack,1,,,,,,,,,,,,,,
PA_E_1025195.wav,5,M,0,0,0,0,1,replay_attack,replay_attack,1,,,,,,,,,,,,,,
PA_E_1025604.wav,4,M,0,0,0,0,1,replay_attack,replay_attack,1,,,,,,,,,,,,,,
PA_E_1027673.wav,7,M,0,0,0,0,1,replay_attack,replay_attack,1,,,,,,,,,,,,,,
PA_E_1027773.wav,6,M,0,0,0,0,1,replay_attack,replay_attack,1,,,,,,,,,,,,,,
PA_E_1031855.wav,4,F,0,0,0,0,1,replay_attack,replay_attack,1,,,,,,,,,,,,,,
PA_E_1034270.wav,4,M,0,0,1,0,1,replay_attack,replay_attack,1,,,,,,,,,,,,,,
PA_E_1036917.wav,6,M,0,0,0,0,1,replay_attack,replay_attack,1,,,,,,,,,,,,,,
PA_E_1036991.wav,4,F,0,0,0,0,0,replay_attack,replay_attack,1,,,,,,,,,,,,,,
PA_E_1037633.wav,5,F,0,0,0,0,1,replay_attack,replay_attack,1,,,,,,,,,,,,,,
PA_E_1037655.wav,5,F,0,1,0,1,0,replay_attack,replay_attack,1,,,,,,,,,,,,,,
PA_E_1039339.wav,5,F,0,0,0,1,0,replay_attack,replay_attack,1,,,,,,,,,,,,,,
PA_E_1039992.wav,5,F,0,0,0,0,0,replay_attack,replay_attack,1,,,,,,,,,,,,,,
PA_E_1041570flac,4,F,0,0,0,0,0,genuine,genuine,0,,,,,,,,,,,,,,
PA_E_1043651.wav,5,M,0,0,0,1,0,replay_attack,replay_attack,1,,,,,,,,,,,,,,
PA_E_1044401.wav,5,M,0,0,0,0,0,genuine,genuine,0,,,,,,,,,,,,,,
PA_E_1044591.wav,4,M,0,0,0,0,0,genuine,genuine,0,,,,,,,,,,,,,,
PA_E_1046500.wav,7,M,0,0,0,0,1,replay_attack,replay_attack,1,,,,,,,,,,,,,,
PA_E_1046801.wav,4,M,0,0,0,0,1,replay_attack,replay_attack,1,,,,,,,,,,,,,,
PA_E_1046849.wav,4,M,0,0,0,1,1,replay_attack,replay_attack,1,,,,,,,,,,,,,,
PA_E_1047071.wav,5,M,0,1,0,0,0,genuine,genuine,0,,,,,,,,,,,,,,
PA_E_1047566.wav,5,M,0,0,0,0,1,replay_attack,replay_attack,1,,,,,,,,,,,,,,
PA_E_1048300.wav,4,M,0,0,0,0,1,replay_attack,replay_attack,1,,,,,,,,,,,,,,
PA_E_1049083.wav,4,M,0,0,0,0,0,replay_attack,replay_attack,1,,,,,,,,,,,,,,
PA_E_1049558.wav,3,F,0,0,0,0,0,genuine,genuine,0,,,,,,,,,,,,,,
PA_E_1050756.wav,3,M,0,0,0,0,1,genuine,genuine,0,,,,,,,,,,,,,,
PA_E_1052766.wav,2,M,0,0,0,0,0,genuine,genuine,0,,,,,,,,,,,,,,
PA_E_1052857.wav,3,F,0,0,0,0,1,genuine,genuine,0,,,,,,,,,,,,,,
PA_E_1054113.wav,2,F,0,0,0,0,0,genuine,genuine,0,,,,,,,,,,,,,,
PA_E_1055832.wav,3,M,0,0,0,0,0,genuine,genuine,0,,,,,,,,,,,,,,
PA_E_1060049.wav,2,F,0,0,0,0,1,genuine,genuine,0,,,,,,,,,,,,,,
PA_E_1060478.wav,3,M,0,0,0,0,0,genuine,genuine,0,,,,,,,,,,,,,,
PA_E_1062217.wav,3,F,0,0,0,0,0,genuine,genuine,0,,,,,,,,,,,,,,
PA_E_1062452.wav,2,F,0,1,0,0,0,genuine,genuine,0,,,,,,,,,,,,,,
PA_E_1062480.wav,3,F,0,0,0,0,0,genuine,genuine,0,,,,,,,,,,,,,,
PA_E_1062778.wav,2,F,0,0,0,0,1,genuine,genuine,0,,,,,,,,,,,,,,
PA_E_1064781.wav,2,M,0,0,0,0,1,genuine,genuine,0,,,,,,,,,,,,,,
PA_E_1064997.wav,2,F,0,0,0,0,0,genuine,genuine,0,,,,,,,,,,,,,,
PA_E_1065384.wav,2,M,0,0,0,0,0,genuine,genuine,0,,,,,,,,,,,,,,
PA_E_1067812.wav,3,M,0,0,0,0,0,genuine,genuine,0,,,,,,,,,,,,,,
PA_E_1071807.wav,2,F,0,0,0,0,0,genuine,genuine,0,,,,,,,,,,,,,,
PA_E_1072224.wav,3,F,0,0,1,0,0,genuine,genuine,0,,,,,,,,,,,,,,
PA_E_1073393.wav,3,M,0,0,0,0,0,genuine,genuine,0,,,,,,,,,,,,,,
PA_E_1074894.wav,3,M,0,0,0,1,0,genuine,genuine,0,,,,,,,,,,,,,,
PA_E_1076119.wav,3,M,0,0,0,0,0,genuine,genuine,0,,,,,,,,,,,,,,
PA_E_1076998.wav,5,F,0,1,0,0,1,genuine,genuine,0,,,,,,,,,,,,,,
PA_E_1077374.wav,4,F,0,1,0,0,0,genuine,genuine,0,,,,,,,,,,,,,,
PA_E_1079194.wav,2,M,0,0,0,0,0,genuine,genuine,0,,,,,,,,,,,,,,
PA_E_1082010.wav,2,F,0,0,0,1,0,genuine,genuine,0,,,,,,,,,,,,,,
PA_E_1082267.wav,3,F,0,0,0,0,1,genuine,genuine,0,,,,,,,,,,,,,,
PA_E_1083426.wav,5,M,0,1,0,0,0,genuine,genuine,0,,,,,,,,,,,,,,
PA_E_1085278.wav,3,F,0,0,0,0,0,genuine,genuine,0,,,,,,,,,,,,,,
PA_E_1086507.wav,2,F,0,0,0,0,0,genuine,genuine,0,,,,,,,,,,,,,,
PA_E_1087668.wav,4,M,0,0,0,0,1,genuine,genuine,0,,,,,,,,,,,,,,
PA_E_1447845.wav,3,M,0,0,0,0,0,genuine,genuine,0,,,,,,,,,,,,,,
PA_E_1449056.wav,4,F,0,0,0,0,0,genuine,genuine,0,,,,,,,,,,,,,,
PA_E_1664775.wav,4,M,0,1,0,0,0,replay_attack,replay_attack,1,,,,,,,,,,,,,,
PA_E_1721202.wav,5,M,1,1,0,0,0,replay_attack,replay_attack,1,,,,,,,,,,,,,,
PA_E_1721502.wav,4,F,0,0,0,0,0,replay_attack,replay_attack,1,,,,,,,,,,,,,,
ppg1,4,F,0,0,0,0,1,PPG,vc,1,,,,,,,,,,,,,,
ppg2,3,M,0,0,0,0,0,PPG,vc,1,,,,,,,,,,,,,,
ppg3,3,M,0,0,0,1,0,PPG,vc,1,,,,,,,,,,,,,,
ppg4,2,F,0,0,0,1,0,PPG,vc,1,,,,,,,,,,,,,,
ppg5,5,M,0,0,0,1,1,PPG,vc,1,,,,,,,,,,,,,,
ppg6,11,M,0,0,0,1,0,PPG,vc,1,,,,,,,,,,,,,,
ppg7,7,F,0,0,0,0,1,PPG,vc,1,,,,,,,,,,,,,,
ppg8,4,M,0,0,0,1,1,PPG,vc,1,,,,,,,,,,,,,,
wavenet-a.wav,5,F,0,0,0,0,1,WaveNet,tts,1,,,,,,,,,,,,,,
wavenet-b.wav,5,F,0,0,0,0,1,WaveNet,tts,1,,,,,,,,,,,,,,
wavenet-c.wav,5,F,1,0,0,0,1,WaveNet,tts,1,,,,,,,,,,,,,,
wavenet-d.wav,3,F,1,0,0,0,1,WaveNet,tts,1,,,,,,,,,,,,,,
wavenet-x.wav,5,F,0,0,0,0,1,WaveNet,tts,1,,,,,,,,,,,,,,
wavenet-y.wav,5,F,0,1,0,0,1,WaveNet,tts,1,,,,,,,,,,,,,,
wavenet1.wav,7,F,0,0,0,0,1,WaveNet,tts,1,,,,,,,,,,,,,,
wavenet10.wav,2,M,0,1,0,0,1,WaveNet,tts,1,,,,,,,,,,,,,,
wavenet11.wav,2,M,0,0,0,0,1,WaveNet,tts,1,,,,,,,,,,,,,,
wavenet12.wav,3,M,0,0,0,0,1,WaveNet,tts,1,,,,,,,,,,,,,,
wavenet13.wav,3,M,0,0,0,0,1,WaveNet,tts,1,,,,,,,,,,,,,,
wavenet2.wav,4,M,0,0,0,0,1,WaveNet,tts,1,,,,,,,,,,,,,,
wavenet3.wav,4,M,0,0,0,0,1,WaveNet,tts,1,,,,,,,,,,,,,,
wavenet4.wav,3,M,0,0,0,0,1,WaveNet,tts,1,,,,,,,,,,,,,,
wavenet5.wav,3,M,0,0,0,0,1,WaveNet,tts,1,,,,,,,,,,,,,,
wavenet6.wav,3,M,0,0,0,0,1,WaveNet,tts,1,,,,,,,,,,,,,,
wavenet7.wav,3,M,0,0,0,0,1,WaveNet,tts,1,,,,,,,,,,,,,,
wavenet8.wav,5,M,0,0,0,0,1,WaveNet,tts,1,,,,,,,,,,,,,,
wavenet9.wav,3,M,0,0,0,0,1,WaveNet,tts,1,,,,,,,,,,,,,,
Zahra_Fake1_1.wav,11,M,1,0,0,1,1,resembleAI,vc,1,,,,,,,,,,,,,,
Zahra_Fake1_2.wav,10,M,1,1,1,1,1,resembleAI,vc,1,,,,,,,,,,,,,,
Zahra_Fake1_3.wav,11,M,1,0,0,1,1,resembleAI,vc,1,,,,,,,,,,,,,,
Zahra_Fake1_4.wav,9,M,1,1,1,0,1,resembleAI,vc,1,,,,,,,,,,,,,,
Zahra_Fake2_1.wav,11,F,1,1,0,1,1,resembleAI,vc,1,,,,,,,,,,,,,,
Zahra_Fake2_2.wav,10,F,1,1,0,0,1,resembleAI,vc,1,,,,,,,,,,,,,,
Zahra_Fake3_1.wav,11,M,1,1,0,1,1,resembleAI,vc,1,,,,,,,,,,,,,,
Zahra_Fake3_2.wav,10,M,1,1,0,1,1,resembleAI,vc,1,,,,,,,,,,,,,,
Zahra_Khanjani_genuine_voice_1.wav,10,F,0,0,0,1,0,genuine,genuine,0,,,,,,,,,,,,,,
Zahra_Khanjani_genuine_voice_2.wav,11,F,0,0,0,1,0,genuine,genuine,0,,,,,,,,,,,,,,
,,,,,,,,,,,,,,,,,,,,,,,,
,,,,,,,,,,,,,,,,,,,,,,,,
,,,,,,,,,,,,,,,,,,,,,,,,
,,,,,,,,,,,,,,,,,,,,,,,,
,,,,,,,,,,,,,,,,,,,,,,,,
,,,,,,,,,,,,,,,,,,,,,,,,
,,,,,,,,,,,,,,,,,,,,,,,,
,,,,,,,,,,,,,,,,,,,,,,,,
,,,,,,,,,,,,,,,,,,,,,,,,
,,,,,,,,,,,,,,,,,,,,,,,,
,,,,,,,,,,,,,,,,,,,,,,,,
,,,,,,,,,,,,,,,,,,,,,,,,
,,,,,,,,,,,,,,,,,,,,,,,,
,,,,,,,,,,,,,,,,,,,,,,,,
,,,,,,,,,,,,,,,,,,,,,,,,
,,,,,,,,,,,,,,,,,,,,,,,,
,,,,,,,,,,,,,,,,,,,,,,,,
,,,,,,,,,,,,,,,,,,,,,,,,
,,,,,,,,,,,,,,,,,,,,,,,,
,,,,,,,,,,,,,,,,,,,,,,,,
,,,,,,,,,,,,,,,,,,,,,,,,
,,,,,,,,,,,,,,,,,,,,,,,,
,,,,,,,,,,,,,,,,,,,,,,,,
,,,,,,,,,,,,,,,,,,,,,,,,
,,,,,,,,,,,,,,,,,,,,,,,,
,,,,,,,,,,,,,,,,,,,,,,,,
,,,,,,,,,,,,,,,,,,,,,,,,
,,,,,,,,,,,,,,,,,,,,,,,,
,,,,,,,,,,,,,,,,,,,,,,,,
,,,,,,,,,,,,,,,,,,,,,,,,
,,,,,,,,,,,,,,,,,,,,,,,,
,,,,,,,,,,,,,,,,,,,,,,,,
,,,,,,,,,,,,,,,,,,,,,,,,
,,,,,,,,,,,,,,,,,,,,,,,,
,,,,,,,,,,,,,,,,,,,,,,,,
,,,,,,,,,,,,,,,,,,,,,,,,
,,,,,,,,,,,,,,,,,,,,,,,,
,,,,,,,,,,,,,,,,,,,,,,,,
,,,,,,,,,,,,,,,,,,,,,,,,
,,,,,,,,,,,,,,,,,,,,,,,,
,,,,,,,,,,,,,,,,,,,,,,,,
,,,,,,,,,,,,,,,,,,,,,,,,
,,,,,,,,,,,,,,,,,,,,,,,,
,,,,,,,,,,,,,,,,,,,,,,,,
,,,,,,,,,,,,,,,,,,,,,,,,
,,,,,,,,,,,,,,,,,,,,,,,,
,,,,,,,,,,,,,,,,,,,,,,,,
,,,,,,,,,,,,,,,,,,,,,,,,
,,,,,,,,,,,,,,,,,,,,,,,,
,,,,,,,,,,,,,,,,,,,,,,,,
,,,,,,,,,,,,,,,,,,,,,,,,
,,,,,,,,,,,,,,,,,,,,,,,,
,,,,,,,,,,,,,,,,,,,,,,,,
,,,,,,,,,,,,,,,,,,,,,,,,
,,,,,,,,,,,,,,,,,,,,,,,,
,,,,,,,,,,,,,,,,,,,,,,,,
,,,,,,,,,,,,,,,,,,,,,,,,
,,,,,,,,,,,,,,,,,,,,,,,,
,,,,,,,,,,,,,,,,,,,,,,,,
,,,,,,,,,,,,,,,,,,,,,,,,
,,,,,,,,,,,,,,,,,,,,,,,,
,,,,,,,,,,,,,,,,,,,,,,,,
,,,,,,,,,,,,,,,,,,,,,,,,
,,,,,,,,,,,,,,,,,,,,,,,,
,,,,,,,,,,,,,,,,,,,,,,,,
,,,,,,,,,,,,,,,,,,,,,,,,
,,,,,,,,,,,,,,,,,,,,,,,,
,,,,,,,,,,,,,,,,,,,,,,,,
,,,,,,,,,,,,,,,,,,,,,,,,
,,,,,,,,,,,,,,,,,,,,,,,,
,,,,,,,,,,,,,,,,,,,,,,,,
,,,,,,,,,,,,,,,,,,,,,,,,
,,,,,,,,,,,,,,,,,,,,,,,,
,,,,,,,,,,,,,,,,,,,,,,,,
,,,,,,,,,,,,,,,,,,,,,,,,
,,,,,,,,,,,,,,,,,,,,,,,,
,,,,,,,,,,,,,,,,,,,,,,,,
,,,,,,,,,,,,,,,,,,,,,,,,
,,,,,,,,,,,,,,,,,,,,,,,,
,,,,,,,,,,,,,,,,,,,,,,,,
,,,,,,,,,,,,,,,,,,,,,,,,
,,,,,,,,,,,,,,,,,,,,,,,,
,,,,,,,,,,,,,,,,,,,,,,,,
,,,,,,,,,,,,,,,,,,,,,,,,
,,,,,,,,,,,,,,,,,,,,,,,,
,,,,,,,,,,,,,,,,,,,,,,,,
,,,,,,,,,,,,,,,,,,,,,,,,
,,,,,,,,,,,,,,,,,,,,,,,,
,,,,,,,,,,,,,,,,,,,,,,,,
,,,,,,,,,,,,,,,,,,,,,,,,
,,,,,,,,,,,,,,,,,,,,,,,,
,,,,,,,,,,,,,,,,,,,,,,,,
,,,,,,,,,,,,,,,,,,,,,,,,
,,,,,,,,,,,,,,,,,,,,,,,,
,,,,,,,,,,,,,,,,,,,,,,,,
,,,,,,,,,,,,,,,,,,,,,,,,
,,,,,,,,,,,,,,,,,,,,,,,,
,,,,,,,,,,,,,,,,,,,,,,,,
,,,,,,,,,,,,,,,,,,,,,,,,
,,,,,,,,,,,,,,,,,,,,,,,,
,,,,,,,,,,,,,,,,,,,,,,,,
,,,,,,,,,,,,,,,,,,,,,,,,
,,,,,,,,,,,,,,,,,,,,,,,,
,,,,,,,,,,,,,,,,,,,,,,,,
,,,,,,,,,,,,,,,,,,,,,,,,
,,,,,,,,,,,,,,,,,,,,,,,,
,,,,,,,,,,,,,,,,,,,,,,,,
,,,,,,,,,,,,,,,,,,,,,,,,
,,,,,,,,,,,,,,,,,,,,,,,,
,,,,,,,,,,,,,,,,,,,,,,,,
,,,,,,,,,,,,,,,,,,,,,,,,
,,,,,,,,,,,,,,,,,,,,,,,,
,,,,,,,,,,,,,,,,,,,,,,,,
,,,,,,,,,,,,,,,,,,,,,,,,
,,,,,,,,,,,,,,,,,,,,,,,,
,,,,,,,,,,,,,,,,,,,,,,,,
,,,,,,,,,,,,,,,,,,,,,,,,
,,,,,,,,,,,,,,,,,,,,,,,,
,,,,,,,,,,,,,,,,,,,,,,,,
,,,,,,,,,,,,,,,,,,,,,,,,
,,,,,,,,,,,,,,,,,,,,,,,,
,,,,,,,,,,,,,,,,,,,,,,,,
,,,,,,,,,,,,,,,,,,,,,,,,
,,,,,,,,,,,,,,,,,,,,,,,,
,,,,,,,,,,,,,,,,,,,,,,,,
,,,,,,,,,,,,,,,,,,,,,,,,
,,,,,,,,,,,,,,,,,,,,,,,,
,,,,,,,,,,,,,,,,,,,,,,,,
,,,,,,,,,,,,,,,,,,,,,,,,
,,,,,,,,,,,,,,,,,,,,,,,,
,,,,,,,,,,,,,,,,,,,,,,,,
,,,,,,,,,,,,,,,,,,,,,,,,
,,,,,,,,,,,,,,,,,,,,,,,,
,,,,,,,,,,,,,,,,,,,,,,,,
,,,,,,,,,,,,,,,,,,,,,,,,
,,,,,,,,,,,,,,,,,,,,,,,,
,,,,,,,,,,,,,,,,,,,,,,,,
,,,,,,,,,,,,,,,,,,,,,,,,
,,,,,,,,,,,,,,,,,,,,,,,,